Run,Engine,PromptNo,TTFT,TotalTime,Tokens,TokPerSec,GPU%,VRAM_GB,TotalRAM_GB
1,ollama:qwen3.5:2b-q4_K_M,1,0.93,2.074,24,21.0,100,3.46,3.46
1,ollama:qwen3.5:2b-q4_K_M,2,0.889,1.802,21,23.0,100,3.46,3.46
1,ollama:qwen3.5:2b-q4_K_M,3,0.933,2.289,31,22.9,100,3.46,3.46
1,ollama:qwen3.5:2b-q4_K_M,4,0.823,1.656,19,22.8,100,3.46,3.46
1,ollama:qwen3.5:2b-q4_K_M,5,1.057,2.663,37,23.0,100,3.46,3.46
1,ollama:qwen3.5:2b-q4_K_M,6,1.18,3.015,42,22.9,100,3.46,3.46
1,ollama:qwen3.5:2b-q4_K_M,7,1.314,4.973,84,23.0,100,3.46,3.46
1,ollama:qwen3.5:2b-q4_K_M,8,1.326,3.727,55,22.9,100,3.46,3.46
1,ollama:qwen3:4b-q4_K_M,1,0.577,2.205,24,14.7,100,3.4,3.4
1,ollama:qwen3:4b-q4_K_M,2,0.46,1.872,22,15.6,100,3.4,3.4
1,ollama:qwen3:4b-q4_K_M,3,0.515,3.718,50,15.6,100,3.4,3.4
1,ollama:qwen3:4b-q4_K_M,4,0.443,2.379,30,15.5,100,3.4,3.4
1,ollama:qwen3:4b-q4_K_M,5,0.502,2.304,28,15.5,100,3.4,3.4
1,ollama:qwen3:4b-q4_K_M,6,0.49,3.568,48,15.6,100,3.4,3.4
1,ollama:qwen3:4b-q4_K_M,7,0.524,3.816,51,15.5,100,3.4,3.4
1,ollama:qwen3:4b-q4_K_M,8,0.458,7.363,107,15.5,100,3.4,3.4
1,ollama:llama3.2:3b-instruct-q4_K_M,1,0.648,1.957,24,18.3,100,2.52,2.52
1,ollama:llama3.2:3b-instruct-q4_K_M,2,0.546,1.681,21,18.5,100,2.52,2.52
1,ollama:llama3.2:3b-instruct-q4_K_M,3,0.473,1.492,20,19.6,100,2.52,2.52
1,ollama:llama3.2:3b-instruct-q4_K_M,4,0.544,2.353,35,19.3,100,2.52,2.52
1,ollama:llama3.2:3b-instruct-q4_K_M,5,0.491,2.466,38,19.2,100,2.52,2.52
1,ollama:llama3.2:3b-instruct-q4_K_M,6,0.492,2.116,31,19.1,100,2.52,2.52
1,ollama:llama3.2:3b-instruct-q4_K_M,7,0.481,2.564,40,19.2,100,2.52,2.52
1,ollama:llama3.2:3b-instruct-q4_K_M,8,0.531,10.387,189,19.2,100,2.52,2.52
1,ollama:ministral-3:3b,1,0.655,3.037,46,19.3,100,4.75,4.75
1,ollama:ministral-3:3b,2,0.582,3.085,49,19.6,100,4.75,4.75
1,ollama:ministral-3:3b,3,0.533,2.639,41,19.5,100,4.75,4.75
1,ollama:ministral-3:3b,4,0.506,3.126,51,19.5,100,4.75,4.75
1,ollama:ministral-3:3b,5,0.635,2.903,45,19.8,100,4.75,4.75
1,ollama:ministral-3:3b,6,0.555,3.782,64,19.8,100,4.75,4.75
1,ollama:ministral-3:3b,7,0.537,2.709,43,19.8,100,4.75,4.75
1,ollama:ministral-3:3b,8,0.566,8.822,162,19.6,100,4.75,4.75
1,ollama:granite3.3:2b,1,0.323,1.251,22,23.7,100,1.82,1.82
1,ollama:granite3.3:2b,2,0.208,1.465,33,26.3,100,1.82,1.82
1,ollama:granite3.3:2b,3,0.203,2.954,72,26.2,100,1.82,1.82
1,ollama:granite3.3:2b,4,0.211,2.471,59,26.1,100,1.82,1.82
1,ollama:granite3.3:2b,5,0.212,2.805,68,26.2,100,1.82,1.82
1,ollama:granite3.3:2b,6,0.207,3.431,84,26.1,100,1.82,1.82
1,ollama:granite3.3:2b,7,0.227,3.417,83,26.0,100,1.82,1.82
1,ollama:granite3.3:2b,8,0.229,11.061,281,25.9,100,1.82,1.82
1,ollama:granite4:3b,1,0.437,1.76,23,17.4,100,2.4,2.4
1,ollama:granite4:3b,2,0.325,2.083,33,18.8,100,2.4,2.4
1,ollama:granite4:3b,3,0.341,2.236,35,18.5,100,2.4,2.4
1,ollama:granite4:3b,4,0.338,2.172,34,18.5,100,2.4,2.4
1,ollama:granite4:3b,5,0.348,2.773,45,18.6,100,2.4,2.4
1,ollama:granite4:3b,6,0.342,2.874,47,18.6,100,2.4,2.4
1,ollama:granite4:3b,7,0.35,3.066,51,18.8,100,2.4,2.4
1,ollama:granite4:3b,8,0.371,6.78,120,18.7,100,2.4,2.4
1,ollama:nemotron-3-nano:4b,1,0.874,2.482,25,15.5,100,5.2,5.2
1,ollama:nemotron-3-nano:4b,2,0.575,2.643,32,15.5,100,5.2,5.2
1,ollama:nemotron-3-nano:4b,3,0.707,1.826,17,15.2,100,5.2,5.2
1,ollama:nemotron-3-nano:4b,4,0.885,2.831,30,15.4,100,5.2,5.2
1,ollama:nemotron-3-nano:4b,5,0.978,2.848,30,16.0,100,5.2,5.2
1,ollama:nemotron-3-nano:4b,6,1.155,2.713,25,16.0,100,5.2,5.2
1,ollama:nemotron-3-nano:4b,7,1.472,3.045,25,15.9,100,5.2,5.2
1,ollama:nemotron-3-nano:4b,8,1.594,3.333,28,16.1,100,5.2,5.2
1,llamacpp:Qwen3.5-2B-Q4_K_M,1,0.187,1.206,23,22.6,100,1.28,1.28
1,llamacpp:Qwen3.5-2B-Q4_K_M,2,0.201,1.14,24,25.6,100,1.28,1.28
1,llamacpp:Qwen3.5-2B-Q4_K_M,3,0.237,1.216,25,25.5,100,1.28,1.28
1,llamacpp:Qwen3.5-2B-Q4_K_M,4,0.287,1.275,25,25.3,100,1.28,1.28
1,llamacpp:Qwen3.5-2B-Q4_K_M,5,0.356,1.026,17,25.4,100,1.28,1.28
1,llamacpp:Qwen3.5-2B-Q4_K_M,6,0.39,1.528,29,25.5,100,1.28,1.28
1,llamacpp:Qwen3.5-2B-Q4_K_M,7,0.435,2.0,40,25.6,100,1.28,1.28
1,llamacpp:Qwen3.5-2B-Q4_K_M,8,0.505,2.378,48,25.6,100,1.28,1.28
1,llamacpp:granite-3.3-2b-instruct-Q4_K_M,1,0.203,0.782,13,22.5,100,1.55,1.55
1,llamacpp:granite-3.3-2b-instruct-Q4_K_M,2,0.075,1.071,26,26.1,100,1.55,1.55
1,llamacpp:granite-3.3-2b-instruct-Q4_K_M,3,0.071,1.634,41,26.2,100,1.55,1.55
1,llamacpp:granite-3.3-2b-instruct-Q4_K_M,4,0.073,1.203,29,25.7,100,1.55,1.55
1,llamacpp:granite-3.3-2b-instruct-Q4_K_M,5,0.074,1.657,41,25.9,100,1.55,1.55
1,llamacpp:granite-3.3-2b-instruct-Q4_K_M,6,0.076,1.929,48,25.9,100,1.55,1.55
1,llamacpp:granite-3.3-2b-instruct-Q4_K_M,7,0.086,1.477,36,25.9,100,1.55,1.55
1,llamacpp:granite-3.3-2b-instruct-Q4_K_M,8,0.086,3.83,96,25.6,100,1.55,1.55
1,llamacpp:ibm-granite_granite-4.0-micro-IQ4_XS,1,0.212,1.329,26,23.3,100,1.89,1.89
1,llamacpp:ibm-granite_granite-4.0-micro-IQ4_XS,2,0.078,0.925,21,24.8,100,1.89,1.89
1,llamacpp:ibm-granite_granite-4.0-micro-IQ4_XS,3,0.079,1.607,38,24.9,100,1.89,1.89
1,llamacpp:ibm-granite_granite-4.0-micro-IQ4_XS,4,0.079,0.862,19,24.3,100,1.89,1.89
1,llamacpp:ibm-granite_granite-4.0-micro-IQ4_XS,5,0.08,1.59,37,24.5,100,1.89,1.89
1,llamacpp:ibm-granite_granite-4.0-micro-IQ4_XS,6,0.081,1.709,40,24.6,100,1.89,1.89
1,llamacpp:ibm-granite_granite-4.0-micro-IQ4_XS,7,0.092,1.437,33,24.5,100,1.89,1.89
1,llamacpp:ibm-granite_granite-4.0-micro-IQ4_XS,8,0.092,2.756,65,24.4,100,1.89,1.89
1,llamacpp:granite-4.0-micro-Q4_K_M,1,0.226,1.519,23,17.8,100,2.1,2.1
1,llamacpp:granite-4.0-micro-Q4_K_M,2,0.084,1.23,22,19.2,100,2.1,2.1
1,llamacpp:granite-4.0-micro-Q4_K_M,3,0.084,1.952,36,19.3,100,2.1,2.1
1,llamacpp:granite-4.0-micro-Q4_K_M,4,0.085,1.026,18,19.1,100,2.1,2.1
1,llamacpp:granite-4.0-micro-Q4_K_M,5,0.085,1.345,24,19.1,100,2.1,2.1
1,llamacpp:granite-4.0-micro-Q4_K_M,6,0.087,1.192,21,19.0,100,2.1,2.1
1,llamacpp:granite-4.0-micro-Q4_K_M,7,0.099,1.831,33,19.1,100,2.1,2.1
1,llamacpp:granite-4.0-micro-Q4_K_M,8,0.1,3.244,60,19.1,100,2.1,2.1
1,llamacpp:granite-4.0-h-micro-Q4_K_M,1,0.324,1.034,11,15.5,100,1.94,1.94
1,llamacpp:granite-4.0-h-micro-Q4_K_M,2,0.102,0.669,10,17.7,100,1.94,1.94
1,llamacpp:granite-4.0-h-micro-Q4_K_M,3,0.103,1.331,22,17.9,100,1.94,1.94
1,llamacpp:granite-4.0-h-micro-Q4_K_M,4,0.104,0.67,10,17.7,100,1.94,1.94
1,llamacpp:granite-4.0-h-micro-Q4_K_M,5,0.104,1.789,30,17.8,100,1.94,1.94
1,llamacpp:granite-4.0-h-micro-Q4_K_M,6,0.107,1.722,29,18.0,100,1.94,1.94
1,llamacpp:granite-4.0-h-micro-Q4_K_M,7,0.119,1.569,26,17.9,100,1.94,1.94
1,llamacpp:granite-4.0-h-micro-Q4_K_M,8,0.12,2.511,43,18.0,100,1.94,1.94
1,llamacpp:qwen3-4b-instruct-2507-q4_k_m,1,0.305,2.028,26,15.1,100,2.5,2.5
1,llamacpp:qwen3-4b-instruct-2507-q4_k_m,2,0.141,1.868,26,15.1,100,2.5,2.5
1,llamacpp:qwen3-4b-instruct-2507-q4_k_m,3,0.122,2.095,29,14.7,100,2.5,2.5
1,llamacpp:qwen3-4b-instruct-2507-q4_k_m,4,0.131,1.752,24,14.8,100,2.5,2.5
1,llamacpp:qwen3-4b-instruct-2507-q4_k_m,5,0.14,3.494,52,15.5,100,2.5,2.5
1,llamacpp:qwen3-4b-instruct-2507-q4_k_m,6,0.148,3.443,50,15.2,100,2.5,2.5
1,llamacpp:qwen3-4b-instruct-2507-q4_k_m,7,0.166,2.776,40,15.3,100,2.5,2.5
1,llamacpp:qwen3-4b-instruct-2507-q4_k_m,8,0.173,8.01,123,15.7,100,2.5,2.5
2,ollama:qwen3.5:2b-q4_K_M,1,1.007,1.512,10,19.8,100,3.46,3.46
2,ollama:qwen3.5:2b-q4_K_M,2,0.94,2.488,34,22.0,100,3.46,3.46
2,ollama:qwen3.5:2b-q4_K_M,3,0.846,2.253,32,22.7,100,3.46,3.46
2,ollama:qwen3.5:2b-q4_K_M,4,0.867,2.664,40,22.3,100,3.46,3.46
2,ollama:qwen3.5:2b-q4_K_M,5,0.899,2.95,47,22.9,100,3.46,3.46
2,ollama:qwen3.5:2b-q4_K_M,6,1.11,3.477,54,22.8,100,3.46,3.46
2,ollama:qwen3.5:2b-q4_K_M,7,1.154,2.489,30,22.5,100,3.46,3.46
2,ollama:qwen3.5:2b-q4_K_M,8,1.306,4.4,71,22.9,100,3.46,3.46
2,ollama:qwen3:4b-q4_K_M,1,0.672,2.28,24,14.9,100,3.4,3.4
2,ollama:qwen3:4b-q4_K_M,2,0.495,1.907,22,15.6,100,3.4,3.4
2,ollama:qwen3:4b-q4_K_M,3,0.389,3.625,51,15.8,100,3.4,3.4
2,ollama:qwen3:4b-q4_K_M,4,0.495,2.417,30,15.6,100,3.4,3.4
2,ollama:qwen3:4b-q4_K_M,5,0.45,3.211,43,15.6,100,3.4,3.4
2,ollama:qwen3:4b-q4_K_M,6,0.49,3.004,39,15.5,100,3.4,3.4
2,ollama:qwen3:4b-q4_K_M,7,0.504,3.868,52,15.5,100,3.4,3.4
2,ollama:qwen3:4b-q4_K_M,8,0.523,6.163,87,15.4,100,3.4,3.4
2,ollama:llama3.2:3b-instruct-q4_K_M,1,0.614,2.331,32,18.6,100,2.52,2.52
2,ollama:llama3.2:3b-instruct-q4_K_M,2,0.536,1.735,23,19.2,100,2.52,2.52
2,ollama:llama3.2:3b-instruct-q4_K_M,3,0.531,1.31,15,19.2,100,2.52,2.52
2,ollama:llama3.2:3b-instruct-q4_K_M,4,0.52,1.558,20,19.3,100,2.52,2.52
2,ollama:llama3.2:3b-instruct-q4_K_M,5,0.508,2.087,30,19.0,100,2.52,2.52
2,ollama:llama3.2:3b-instruct-q4_K_M,6,0.474,2.83,45,19.1,100,2.52,2.52
2,ollama:llama3.2:3b-instruct-q4_K_M,7,0.5,4.02,68,19.3,100,2.52,2.52
2,ollama:llama3.2:3b-instruct-q4_K_M,8,0.505,8.002,144,19.2,100,2.52,2.52
2,ollama:ministral-3:3b,1,0.735,2.468,33,19.0,100,4.75,4.75
2,ollama:ministral-3:3b,2,0.534,1.992,28,19.2,100,4.75,4.75
2,ollama:ministral-3:3b,3,0.479,2.101,31,19.1,100,4.75,4.75
2,ollama:ministral-3:3b,4,0.548,2.011,28,19.1,100,4.75,4.75
2,ollama:ministral-3:3b,5,0.536,2.528,40,20.1,100,4.75,4.75
2,ollama:ministral-3:3b,6,0.543,2.56,40,19.8,100,4.75,4.75
2,ollama:ministral-3:3b,7,0.618,2.841,44,19.8,100,4.75,4.75
2,ollama:ministral-3:3b,8,0.712,7.247,129,19.7,100,4.75,4.75
2,ollama:granite3.3:2b,1,0.328,1.4,26,24.2,100,1.82,1.82
2,ollama:granite3.3:2b,2,0.2,1.307,29,26.2,100,1.82,1.82
2,ollama:granite3.3:2b,3,0.211,1.848,43,26.3,100,1.82,1.82
2,ollama:granite3.3:2b,4,0.211,1.9,44,26.0,100,1.82,1.82
2,ollama:granite3.3:2b,5,0.213,2.745,66,26.1,100,1.82,1.82
2,ollama:granite3.3:2b,6,0.215,2.66,64,26.2,100,1.82,1.82
2,ollama:granite3.3:2b,7,0.225,3.531,86,26.0,100,1.82,1.82
2,ollama:granite3.3:2b,8,0.228,9.893,251,26.0,100,1.82,1.82
2,ollama:granite4:3b,1,0.478,2.232,31,17.7,100,2.4,2.4
2,ollama:granite4:3b,2,0.332,1.931,30,18.8,100,2.4,2.4
2,ollama:granite4:3b,3,0.345,2.64,43,18.7,100,2.4,2.4
2,ollama:granite4:3b,4,0.328,2.105,33,18.6,100,2.4,2.4
2,ollama:granite4:3b,5,0.377,2.101,32,18.6,100,2.4,2.4
2,ollama:granite4:3b,6,0.375,3.287,54,18.5,100,2.4,2.4
2,ollama:granite4:3b,7,0.358,3.222,54,18.9,100,2.4,2.4
2,ollama:granite4:3b,8,0.365,4.313,74,18.7,100,2.4,2.4
2,ollama:nemotron-3-nano:4b,1,0.914,1.894,15,15.3,100,5.2,5.2
2,ollama:nemotron-3-nano:4b,2,0.679,2.505,27,14.8,100,5.2,5.2
2,ollama:nemotron-3-nano:4b,3,0.751,1.749,16,16.0,100,5.2,5.2
2,ollama:nemotron-3-nano:4b,4,0.785,3.211,39,16.1,100,5.2,5.2
2,ollama:nemotron-3-nano:4b,5,1.047,2.735,27,16.0,100,5.2,5.2
2,ollama:nemotron-3-nano:4b,6,1.241,3.249,32,15.9,100,5.2,5.2
2,ollama:nemotron-3-nano:4b,7,1.424,3.748,37,15.9,100,5.2,5.2
2,ollama:nemotron-3-nano:4b,8,1.565,3.382,29,16.0,100,5.2,5.2
2,llamacpp:Qwen3.5-2B-Q4_K_M,1,0.191,1.208,23,22.6,100,1.28,1.28
2,llamacpp:Qwen3.5-2B-Q4_K_M,2,0.201,1.139,24,25.6,100,1.28,1.28
2,llamacpp:Qwen3.5-2B-Q4_K_M,3,0.237,1.214,25,25.6,100,1.28,1.28
2,llamacpp:Qwen3.5-2B-Q4_K_M,4,0.287,1.273,25,25.4,100,1.28,1.28
2,llamacpp:Qwen3.5-2B-Q4_K_M,5,0.353,1.02,17,25.5,100,1.28,1.28
2,llamacpp:Qwen3.5-2B-Q4_K_M,6,0.388,1.52,29,25.6,100,1.28,1.28
2,llamacpp:Qwen3.5-2B-Q4_K_M,7,0.434,1.992,40,25.7,100,1.28,1.28
2,llamacpp:Qwen3.5-2B-Q4_K_M,8,0.504,2.375,48,25.7,100,1.28,1.28
2,llamacpp:granite-3.3-2b-instruct-Q4_K_M,1,0.193,0.77,13,22.6,100,1.55,1.55
2,llamacpp:granite-3.3-2b-instruct-Q4_K_M,2,0.076,1.083,26,25.8,100,1.55,1.55
2,llamacpp:granite-3.3-2b-instruct-Q4_K_M,3,0.072,1.632,41,26.3,100,1.55,1.55
2,llamacpp:granite-3.3-2b-instruct-Q4_K_M,4,0.073,1.201,29,25.7,100,1.55,1.55
2,llamacpp:granite-3.3-2b-instruct-Q4_K_M,5,0.074,1.656,41,25.9,100,1.55,1.55
2,llamacpp:granite-3.3-2b-instruct-Q4_K_M,6,0.076,1.928,48,25.9,100,1.55,1.55
2,llamacpp:granite-3.3-2b-instruct-Q4_K_M,7,0.086,1.478,36,25.9,100,1.55,1.55
2,llamacpp:granite-3.3-2b-instruct-Q4_K_M,8,0.086,3.833,96,25.6,100,1.55,1.55
2,llamacpp:ibm-granite_granite-4.0-micro-IQ4_XS,1,0.213,1.346,26,22.9,100,1.89,1.89
2,llamacpp:ibm-granite_granite-4.0-micro-IQ4_XS,2,0.078,0.93,21,24.6,100,1.89,1.89
2,llamacpp:ibm-granite_granite-4.0-micro-IQ4_XS,3,0.079,1.611,38,24.8,100,1.89,1.89
2,llamacpp:ibm-granite_granite-4.0-micro-IQ4_XS,4,0.08,0.863,19,24.3,100,1.89,1.89
2,llamacpp:ibm-granite_granite-4.0-micro-IQ4_XS,5,0.08,1.591,37,24.5,100,1.89,1.89
2,llamacpp:ibm-granite_granite-4.0-micro-IQ4_XS,6,0.081,1.71,40,24.6,100,1.89,1.89
2,llamacpp:ibm-granite_granite-4.0-micro-IQ4_XS,7,0.092,1.438,33,24.5,100,1.89,1.89
2,llamacpp:ibm-granite_granite-4.0-micro-IQ4_XS,8,0.092,2.764,65,24.3,100,1.89,1.89
2,llamacpp:granite-4.0-micro-Q4_K_M,1,0.215,1.479,23,18.2,100,2.1,2.1
2,llamacpp:granite-4.0-micro-Q4_K_M,2,0.084,1.233,22,19.1,100,2.1,2.1
2,llamacpp:granite-4.0-micro-Q4_K_M,3,0.084,1.958,36,19.2,100,2.1,2.1
2,llamacpp:granite-4.0-micro-Q4_K_M,4,0.085,1.031,18,19.0,100,2.1,2.1
2,llamacpp:granite-4.0-micro-Q4_K_M,5,0.086,1.351,24,19.0,100,2.1,2.1
2,llamacpp:granite-4.0-micro-Q4_K_M,6,0.087,1.194,21,19.0,100,2.1,2.1
2,llamacpp:granite-4.0-micro-Q4_K_M,7,0.1,1.836,33,19.0,100,2.1,2.1
2,llamacpp:granite-4.0-micro-Q4_K_M,8,0.1,3.258,60,19.0,100,2.1,2.1
2,llamacpp:granite-4.0-h-micro-Q4_K_M,1,0.313,1.01,11,15.8,100,1.94,1.94
2,llamacpp:granite-4.0-h-micro-Q4_K_M,2,0.102,0.668,10,17.7,100,1.94,1.94
2,llamacpp:granite-4.0-h-micro-Q4_K_M,3,0.103,1.332,22,17.9,100,1.94,1.94
2,llamacpp:granite-4.0-h-micro-Q4_K_M,4,0.104,0.67,10,17.7,100,1.94,1.94
2,llamacpp:granite-4.0-h-micro-Q4_K_M,5,0.104,1.79,30,17.8,100,1.94,1.94
2,llamacpp:granite-4.0-h-micro-Q4_K_M,6,0.106,1.724,29,17.9,100,1.94,1.94
2,llamacpp:granite-4.0-h-micro-Q4_K_M,7,0.119,1.57,26,17.9,100,1.94,1.94
2,llamacpp:granite-4.0-h-micro-Q4_K_M,8,0.12,2.516,43,17.9,100,1.94,1.94
2,llamacpp:qwen3-4b-instruct-2507-q4_k_m,1,0.316,2.059,26,14.9,100,2.5,2.5
2,llamacpp:qwen3-4b-instruct-2507-q4_k_m,2,0.141,1.869,26,15.0,100,2.5,2.5
2,llamacpp:qwen3-4b-instruct-2507-q4_k_m,3,0.122,2.094,29,14.7,100,2.5,2.5
2,llamacpp:qwen3-4b-instruct-2507-q4_k_m,4,0.131,1.752,24,14.8,100,2.5,2.5
2,llamacpp:qwen3-4b-instruct-2507-q4_k_m,5,0.139,3.492,52,15.5,100,2.5,2.5
2,llamacpp:qwen3-4b-instruct-2507-q4_k_m,6,0.147,3.437,50,15.2,100,2.5,2.5
2,llamacpp:qwen3-4b-instruct-2507-q4_k_m,7,0.166,2.773,40,15.3,100,2.5,2.5
2,llamacpp:qwen3-4b-instruct-2507-q4_k_m,8,0.173,8.006,123,15.7,100,2.5,2.5
3,ollama:qwen3.5:2b-q4_K_M,1,0.971,2.355,30,21.7,100,3.46,3.46
3,ollama:qwen3.5:2b-q4_K_M,2,0.833,2.351,34,22.4,100,3.46,3.46
3,ollama:qwen3.5:2b-q4_K_M,3,0.89,2.41,34,22.4,100,3.46,3.46
3,ollama:qwen3.5:2b-q4_K_M,4,0.993,2.386,31,22.3,100,3.46,3.46
3,ollama:qwen3.5:2b-q4_K_M,5,0.978,2.412,32,22.3,100,3.46,3.46
3,ollama:qwen3.5:2b-q4_K_M,6,1.207,3.299,48,22.9,100,3.46,3.46
3,ollama:qwen3.5:2b-q4_K_M,7,1.241,3.563,53,22.8,100,3.46,3.46
3,ollama:qwen3.5:2b-q4_K_M,8,1.299,4.371,70,22.8,100,3.46,3.46
3,ollama:qwen3:4b-q4_K_M,1,0.622,2.601,30,15.2,100,3.4,3.4
3,ollama:qwen3:4b-q4_K_M,2,0.485,1.892,22,15.6,100,3.4,3.4
3,ollama:qwen3:4b-q4_K_M,3,0.467,3.207,43,15.7,100,3.4,3.4
3,ollama:qwen3:4b-q4_K_M,4,0.507,1.919,22,15.6,100,3.4,3.4
3,ollama:qwen3:4b-q4_K_M,5,0.456,2.197,27,15.5,100,3.4,3.4
3,ollama:qwen3:4b-q4_K_M,6,0.459,3.293,44,15.5,100,3.4,3.4
3,ollama:qwen3:4b-q4_K_M,7,0.532,4.126,56,15.6,100,3.4,3.4
3,ollama:qwen3:4b-q4_K_M,8,0.542,6.533,93,15.5,100,3.4,3.4
3,ollama:llama3.2:3b-instruct-q4_K_M,1,0.595,1.988,25,18.0,100,2.52,2.52
3,ollama:llama3.2:3b-instruct-q4_K_M,2,0.517,1.619,21,19.1,100,2.52,2.52
3,ollama:llama3.2:3b-instruct-q4_K_M,3,0.553,1.482,18,19.4,100,2.52,2.52
3,ollama:llama3.2:3b-instruct-q4_K_M,4,0.569,1.665,21,19.2,100,2.52,2.52
3,ollama:llama3.2:3b-instruct-q4_K_M,5,0.481,2.194,33,19.3,100,2.52,2.52
3,ollama:llama3.2:3b-instruct-q4_K_M,6,0.549,2.383,35,19.1,100,2.52,2.52
3,ollama:llama3.2:3b-instruct-q4_K_M,7,0.533,2.255,33,19.2,100,2.52,2.52
3,ollama:llama3.2:3b-instruct-q4_K_M,8,0.53,5.616,98,19.3,100,2.52,2.52
3,ollama:ministral-3:3b,1,0.726,2.311,30,18.9,100,4.75,4.75
3,ollama:ministral-3:3b,2,0.559,2.064,29,19.3,100,4.75,4.75
3,ollama:ministral-3:3b,3,0.584,1.9,25,19.0,100,4.75,4.75
3,ollama:ministral-3:3b,4,0.531,2.14,31,19.3,100,4.75,4.75
3,ollama:ministral-3:3b,5,0.575,2.546,39,19.8,100,4.75,4.75
3,ollama:ministral-3:3b,6,0.523,2.691,43,19.8,100,4.75,4.75
3,ollama:ministral-3:3b,7,0.527,2.738,43,19.5,100,4.75,4.75
3,ollama:ministral-3:3b,8,0.693,5.19,89,19.8,100,4.75,4.75
3,ollama:granite3.3:2b,1,0.365,1.142,18,23.2,100,1.82,1.82
3,ollama:granite3.3:2b,2,0.204,1.316,29,26.1,100,1.82,1.82
3,ollama:granite3.3:2b,3,0.21,1.694,39,26.3,100,1.82,1.82
3,ollama:granite3.3:2b,4,0.208,1.097,23,25.9,100,1.82,1.82
3,ollama:granite3.3:2b,5,0.209,2.013,47,26.1,100,1.82,1.82
3,ollama:granite3.3:2b,6,0.212,2.119,50,26.2,100,1.82,1.82
3,ollama:granite3.3:2b,7,0.226,2.208,52,26.2,100,1.82,1.82
3,ollama:granite3.3:2b,8,0.225,3.985,98,26.1,100,1.82,1.82
3,ollama:granite4:3b,1,0.479,1.809,23,17.3,100,2.4,2.4
3,ollama:granite4:3b,2,0.338,1.726,26,18.7,100,2.4,2.4
3,ollama:granite4:3b,3,0.336,2.362,38,18.8,100,2.4,2.4
3,ollama:granite4:3b,4,0.347,1.805,27,18.5,100,2.4,2.4
3,ollama:granite4:3b,5,0.339,1.852,28,18.5,100,2.4,2.4
3,ollama:granite4:3b,6,0.344,1.639,24,18.5,100,2.4,2.4
3,ollama:granite4:3b,7,0.336,2.111,33,18.6,100,2.4,2.4
3,ollama:granite4:3b,8,0.353,4.557,78,18.6,100,2.4,2.4
3,ollama:nemotron-3-nano:4b,1,0.925,2.722,28,15.6,100,5.2,5.2
3,ollama:nemotron-3-nano:4b,2,0.654,2.213,23,14.8,100,5.2,5.2
3,ollama:nemotron-3-nano:4b,3,0.694,1.688,15,15.1,100,5.2,5.2
3,ollama:nemotron-3-nano:4b,4,0.978,2.224,19,15.2,100,5.2,5.2
3,ollama:nemotron-3-nano:4b,5,1.068,3.132,33,16.0,100,5.2,5.2
3,ollama:nemotron-3-nano:4b,6,1.216,2.724,24,15.9,100,5.2,5.2
3,ollama:nemotron-3-nano:4b,7,1.415,4.146,42,15.4,100,5.2,5.2
3,ollama:nemotron-3-nano:4b,8,1.62,3.371,28,16.0,100,5.2,5.2
3,llamacpp:Qwen3.5-2B-Q4_K_M,1,0.199,1.226,23,22.4,100,1.28,1.28
3,llamacpp:Qwen3.5-2B-Q4_K_M,2,0.201,1.138,24,25.6,100,1.28,1.28
3,llamacpp:Qwen3.5-2B-Q4_K_M,3,0.236,1.212,25,25.6,100,1.28,1.28
3,llamacpp:Qwen3.5-2B-Q4_K_M,4,0.288,1.275,25,25.3,100,1.28,1.28
3,llamacpp:Qwen3.5-2B-Q4_K_M,5,0.353,1.021,17,25.5,100,1.28,1.28
3,llamacpp:Qwen3.5-2B-Q4_K_M,6,0.388,1.521,29,25.6,100,1.28,1.28
3,llamacpp:Qwen3.5-2B-Q4_K_M,7,0.434,1.993,40,25.7,100,1.28,1.28
3,llamacpp:Qwen3.5-2B-Q4_K_M,8,0.504,2.376,48,25.6,100,1.28,1.28
3,llamacpp:granite-3.3-2b-instruct-Q4_K_M,1,0.195,0.754,13,23.3,100,1.55,1.55
3,llamacpp:granite-3.3-2b-instruct-Q4_K_M,2,0.076,1.069,26,26.2,100,1.55,1.55
3,llamacpp:granite-3.3-2b-instruct-Q4_K_M,3,0.071,1.632,41,26.3,100,1.55,1.55
3,llamacpp:granite-3.3-2b-instruct-Q4_K_M,4,0.073,1.203,29,25.7,100,1.55,1.55
3,llamacpp:granite-3.3-2b-instruct-Q4_K_M,5,0.074,1.657,41,25.9,100,1.55,1.55
3,llamacpp:granite-3.3-2b-instruct-Q4_K_M,6,0.076,1.926,48,25.9,100,1.55,1.55
3,llamacpp:granite-3.3-2b-instruct-Q4_K_M,7,0.086,1.475,36,25.9,100,1.55,1.55
3,llamacpp:granite-3.3-2b-instruct-Q4_K_M,8,0.086,3.841,96,25.6,100,1.55,1.55
3,llamacpp:ibm-granite_granite-4.0-micro-IQ4_XS,1,0.215,1.395,26,22.0,100,1.89,1.89
3,llamacpp:ibm-granite_granite-4.0-micro-IQ4_XS,2,0.079,0.93,21,24.7,100,1.89,1.89
3,llamacpp:ibm-granite_granite-4.0-micro-IQ4_XS,3,0.079,1.611,38,24.8,100,1.89,1.89
3,llamacpp:ibm-granite_granite-4.0-micro-IQ4_XS,4,0.08,0.866,19,24.2,100,1.89,1.89
3,llamacpp:ibm-granite_granite-4.0-micro-IQ4_XS,5,0.08,1.595,37,24.4,100,1.89,1.89
3,llamacpp:ibm-granite_granite-4.0-micro-IQ4_XS,6,0.081,1.714,40,24.5,100,1.89,1.89
3,llamacpp:ibm-granite_granite-4.0-micro-IQ4_XS,7,0.092,1.444,33,24.4,100,1.89,1.89
3,llamacpp:ibm-granite_granite-4.0-micro-IQ4_XS,8,0.092,2.767,65,24.3,100,1.89,1.89
3,llamacpp:granite-4.0-micro-Q4_K_M,1,0.224,1.566,23,17.1,100,2.1,2.1
3,llamacpp:granite-4.0-micro-Q4_K_M,2,0.084,1.233,22,19.1,100,2.1,2.1
3,llamacpp:granite-4.0-micro-Q4_K_M,3,0.084,1.957,36,19.2,100,2.1,2.1
3,llamacpp:granite-4.0-micro-Q4_K_M,4,0.085,1.03,18,19.0,100,2.1,2.1
3,llamacpp:granite-4.0-micro-Q4_K_M,5,0.086,1.354,24,18.9,100,2.1,2.1
3,llamacpp:granite-4.0-micro-Q4_K_M,6,0.087,1.197,21,18.9,100,2.1,2.1
3,llamacpp:granite-4.0-micro-Q4_K_M,7,0.1,1.833,33,19.0,100,2.1,2.1
3,llamacpp:granite-4.0-micro-Q4_K_M,8,0.1,3.253,60,19.0,100,2.1,2.1
3,llamacpp:granite-4.0-h-micro-Q4_K_M,1,0.321,1.02,11,15.7,100,1.94,1.94
3,llamacpp:granite-4.0-h-micro-Q4_K_M,2,0.103,0.67,10,17.7,100,1.94,1.94
3,llamacpp:granite-4.0-h-micro-Q4_K_M,3,0.103,1.335,22,17.9,100,1.94,1.94
3,llamacpp:granite-4.0-h-micro-Q4_K_M,4,0.105,0.671,10,17.7,100,1.94,1.94
3,llamacpp:granite-4.0-h-micro-Q4_K_M,5,0.104,1.79,30,17.8,100,1.94,1.94
3,llamacpp:granite-4.0-h-micro-Q4_K_M,6,0.106,1.727,29,17.9,100,1.94,1.94
3,llamacpp:granite-4.0-h-micro-Q4_K_M,7,0.119,1.572,26,17.9,100,1.94,1.94
3,llamacpp:granite-4.0-h-micro-Q4_K_M,8,0.12,2.516,43,17.9,100,1.94,1.94
3,llamacpp:qwen3-4b-instruct-2507-q4_k_m,1,0.311,2.05,26,14.9,100,2.5,2.5
3,llamacpp:qwen3-4b-instruct-2507-q4_k_m,2,0.142,1.874,26,15.0,100,2.5,2.5
3,llamacpp:qwen3-4b-instruct-2507-q4_k_m,3,0.123,2.104,29,14.6,100,2.5,2.5
3,llamacpp:qwen3-4b-instruct-2507-q4_k_m,4,0.131,1.756,24,14.8,100,2.5,2.5
3,llamacpp:qwen3-4b-instruct-2507-q4_k_m,5,0.14,3.508,52,15.4,100,2.5,2.5
3,llamacpp:qwen3-4b-instruct-2507-q4_k_m,6,0.148,3.451,50,15.1,100,2.5,2.5
3,llamacpp:qwen3-4b-instruct-2507-q4_k_m,7,0.166,2.777,40,15.3,100,2.5,2.5
3,llamacpp:qwen3-4b-instruct-2507-q4_k_m,8,0.173,8.038,123,15.6,100,2.5,2.5
4,ollama:qwen3.5:2b-q4_K_M,1,1.046,1.84,16,20.1,100,3.46,3.46
4,ollama:qwen3.5:2b-q4_K_M,2,0.846,1.767,20,21.7,100,3.46,3.46
4,ollama:qwen3.5:2b-q4_K_M,3,0.78,1.654,20,22.9,100,3.46,3.46
4,ollama:qwen3.5:2b-q4_K_M,4,0.874,1.877,22,21.9,100,3.46,3.46
4,ollama:qwen3.5:2b-q4_K_M,5,0.976,1.632,15,22.9,100,3.46,3.46
4,ollama:qwen3.5:2b-q4_K_M,6,1.001,2.582,36,22.8,100,3.46,3.46
4,ollama:qwen3.5:2b-q4_K_M,7,1.076,3.092,46,22.8,100,3.46,3.46
4,ollama:qwen3.5:2b-q4_K_M,8,1.117,4.629,80,22.8,100,3.46,3.46
4,ollama:qwen3:4b-q4_K_M,1,0.633,2.477,28,15.2,100,3.4,3.4
4,ollama:qwen3:4b-q4_K_M,2,0.532,2.17,25,15.3,100,3.4,3.4
4,ollama:qwen3:4b-q4_K_M,3,0.456,3.913,54,15.6,100,3.4,3.4
4,ollama:qwen3:4b-q4_K_M,4,0.535,2.661,33,15.5,100,3.4,3.4
4,ollama:qwen3:4b-q4_K_M,5,0.449,2.38,30,15.5,100,3.4,3.4
4,ollama:qwen3:4b-q4_K_M,6,0.47,2.778,36,15.6,100,3.4,3.4
4,ollama:qwen3:4b-q4_K_M,7,0.513,3.774,51,15.6,100,3.4,3.4
4,ollama:qwen3:4b-q4_K_M,8,0.476,6.53,94,15.5,100,3.4,3.4
4,ollama:llama3.2:3b-instruct-q4_K_M,1,0.635,1.947,24,18.3,100,2.52,2.52
4,ollama:llama3.2:3b-instruct-q4_K_M,2,0.558,1.834,25,19.6,100,2.52,2.52
4,ollama:llama3.2:3b-instruct-q4_K_M,3,0.478,2.172,33,19.5,100,2.52,2.52
4,ollama:llama3.2:3b-instruct-q4_K_M,4,0.492,2.044,30,19.3,100,2.52,2.52
4,ollama:llama3.2:3b-instruct-q4_K_M,5,0.5,2.378,36,19.2,100,2.52,2.52
4,ollama:llama3.2:3b-instruct-q4_K_M,6,0.51,2.741,43,19.3,100,2.52,2.52
4,ollama:llama3.2:3b-instruct-q4_K_M,7,0.523,3.736,62,19.3,100,2.52,2.52
4,ollama:llama3.2:3b-instruct-q4_K_M,8,0.541,7.119,126,19.2,100,2.52,2.52
4,ollama:ministral-3:3b,1,0.755,2.618,35,18.8,100,4.75,4.75
4,ollama:ministral-3:3b,2,0.493,2.555,40,19.4,100,4.75,4.75
4,ollama:ministral-3:3b,3,0.623,2.323,33,19.4,100,4.75,4.75
4,ollama:ministral-3:3b,4,0.509,2.023,29,19.2,100,4.75,4.75
4,ollama:ministral-3:3b,5,0.567,2.632,41,19.9,100,4.75,4.75
4,ollama:ministral-3:3b,6,0.576,3.311,54,19.7,100,4.75,4.75
4,ollama:ministral-3:3b,7,0.564,3.297,54,19.8,100,4.75,4.75
4,ollama:ministral-3:3b,8,0.582,6.374,114,19.7,100,4.75,4.75
4,ollama:granite3.3:2b,1,0.329,1.373,25,24.0,100,1.82,1.82
4,ollama:granite3.3:2b,2,0.203,1.307,29,26.3,100,1.82,1.82
4,ollama:granite3.3:2b,3,0.206,1.199,26,26.2,100,1.82,1.82
4,ollama:granite3.3:2b,4,0.207,1.368,30,25.8,100,1.82,1.82
4,ollama:granite3.3:2b,5,0.21,2.092,49,26.0,100,1.82,1.82
4,ollama:granite3.3:2b,6,0.214,2.704,65,26.1,100,1.82,1.82
4,ollama:granite3.3:2b,7,0.226,4.02,99,26.1,100,1.82,1.82
4,ollama:granite3.3:2b,8,0.222,8.101,204,25.9,100,1.82,1.82
4,ollama:granite4:3b,1,0.48,1.797,23,17.5,100,2.4,2.4
4,ollama:granite4:3b,2,0.308,1.483,22,18.7,100,2.4,2.4
4,ollama:granite4:3b,3,0.331,2.514,41,18.8,100,2.4,2.4
4,ollama:granite4:3b,4,0.338,2.171,34,18.5,100,2.4,2.4
4,ollama:granite4:3b,5,0.336,3.085,51,18.6,100,2.4,2.4
4,ollama:granite4:3b,6,0.332,3.738,64,18.8,100,2.4,2.4
4,ollama:granite4:3b,7,0.359,2.749,45,18.8,100,2.4,2.4
4,ollama:granite4:3b,8,0.353,11.445,208,18.8,100,2.4,2.4
4,ollama:nemotron-3-nano:4b,1,0.855,1.871,16,15.8,100,5.2,5.2
4,ollama:nemotron-3-nano:4b,2,0.57,1.196,10,16.0,100,5.2,5.2
4,ollama:nemotron-3-nano:4b,3,0.651,2.153,23,15.3,100,5.2,5.2
4,ollama:nemotron-3-nano:4b,4,0.84,2.026,18,15.2,100,5.2,5.2
4,ollama:nemotron-3-nano:4b,5,0.95,2.711,28,15.9,100,5.2,5.2
4,ollama:nemotron-3-nano:4b,6,1.123,2.818,27,15.9,100,5.2,5.2
4,ollama:nemotron-3-nano:4b,7,1.371,2.757,22,15.9,100,5.2,5.2
4,ollama:nemotron-3-nano:4b,8,1.489,2.858,22,16.1,100,5.2,5.2
4,llamacpp:Qwen3.5-2B-Q4_K_M,1,0.198,1.213,23,22.7,100,1.28,1.28
4,llamacpp:Qwen3.5-2B-Q4_K_M,2,0.201,1.139,24,25.6,100,1.28,1.28
4,llamacpp:Qwen3.5-2B-Q4_K_M,3,0.236,1.212,25,25.6,100,1.28,1.28
4,llamacpp:Qwen3.5-2B-Q4_K_M,4,0.286,1.271,25,25.4,100,1.28,1.28
4,llamacpp:Qwen3.5-2B-Q4_K_M,5,0.353,1.019,17,25.5,100,1.28,1.28
4,llamacpp:Qwen3.5-2B-Q4_K_M,6,0.388,1.522,29,25.6,100,1.28,1.28
4,llamacpp:Qwen3.5-2B-Q4_K_M,7,0.434,1.995,40,25.6,100,1.28,1.28
4,llamacpp:Qwen3.5-2B-Q4_K_M,8,0.504,2.377,48,25.6,100,1.28,1.28
4,llamacpp:granite-3.3-2b-instruct-Q4_K_M,1,0.191,0.795,13,21.5,100,1.55,1.55
4,llamacpp:granite-3.3-2b-instruct-Q4_K_M,2,0.076,1.078,26,25.9,100,1.55,1.55
4,llamacpp:granite-3.3-2b-instruct-Q4_K_M,3,0.071,1.633,41,26.2,100,1.55,1.55
4,llamacpp:granite-3.3-2b-instruct-Q4_K_M,4,0.073,1.202,29,25.7,100,1.55,1.55
4,llamacpp:granite-3.3-2b-instruct-Q4_K_M,5,0.074,1.655,41,25.9,100,1.55,1.55
4,llamacpp:granite-3.3-2b-instruct-Q4_K_M,6,0.076,1.928,48,25.9,100,1.55,1.55
4,llamacpp:granite-3.3-2b-instruct-Q4_K_M,7,0.086,1.478,36,25.9,100,1.55,1.55
4,llamacpp:granite-3.3-2b-instruct-Q4_K_M,8,0.086,3.83,96,25.6,100,1.55,1.55
4,llamacpp:ibm-granite_granite-4.0-micro-IQ4_XS,1,0.21,1.367,26,22.5,100,1.89,1.89
4,llamacpp:ibm-granite_granite-4.0-micro-IQ4_XS,2,0.078,0.927,21,24.7,100,1.89,1.89
4,llamacpp:ibm-granite_granite-4.0-micro-IQ4_XS,3,0.079,1.614,38,24.8,100,1.89,1.89
4,llamacpp:ibm-granite_granite-4.0-micro-IQ4_XS,4,0.079,0.861,19,24.3,100,1.89,1.89
4,llamacpp:ibm-granite_granite-4.0-micro-IQ4_XS,5,0.08,1.59,37,24.5,100,1.89,1.89
4,llamacpp:ibm-granite_granite-4.0-micro-IQ4_XS,6,0.081,1.716,40,24.5,100,1.89,1.89
4,llamacpp:ibm-granite_granite-4.0-micro-IQ4_XS,7,0.091,1.436,33,24.5,100,1.89,1.89
4,llamacpp:ibm-granite_granite-4.0-micro-IQ4_XS,8,0.092,2.754,65,24.4,100,1.89,1.89
4,llamacpp:granite-4.0-micro-Q4_K_M,1,0.212,1.534,23,17.4,100,2.1,2.1
4,llamacpp:granite-4.0-micro-Q4_K_M,2,0.083,1.228,22,19.2,100,2.1,2.1
4,llamacpp:granite-4.0-micro-Q4_K_M,3,0.084,1.959,36,19.2,100,2.1,2.1
4,llamacpp:granite-4.0-micro-Q4_K_M,4,0.085,1.032,18,19.0,100,2.1,2.1
4,llamacpp:granite-4.0-micro-Q4_K_M,5,0.086,1.354,24,18.9,100,2.1,2.1
4,llamacpp:granite-4.0-micro-Q4_K_M,6,0.087,1.197,21,18.9,100,2.1,2.1
4,llamacpp:granite-4.0-micro-Q4_K_M,7,0.1,1.839,33,19.0,100,2.1,2.1
4,llamacpp:granite-4.0-micro-Q4_K_M,8,0.1,3.245,60,19.1,100,2.1,2.1
4,llamacpp:granite-4.0-h-micro-Q4_K_M,1,0.315,1.017,11,15.7,100,1.94,1.94
4,llamacpp:granite-4.0-h-micro-Q4_K_M,2,0.103,0.669,10,17.7,100,1.94,1.94
4,llamacpp:granite-4.0-h-micro-Q4_K_M,3,0.104,1.332,22,17.9,100,1.94,1.94
4,llamacpp:granite-4.0-h-micro-Q4_K_M,4,0.104,0.669,10,17.7,100,1.94,1.94
4,llamacpp:granite-4.0-h-micro-Q4_K_M,5,0.104,1.786,30,17.8,100,1.94,1.94
4,llamacpp:granite-4.0-h-micro-Q4_K_M,6,0.106,1.722,29,17.9,100,1.94,1.94
4,llamacpp:granite-4.0-h-micro-Q4_K_M,7,0.119,1.568,26,17.9,100,1.94,1.94
4,llamacpp:granite-4.0-h-micro-Q4_K_M,8,0.12,2.511,43,18.0,100,1.94,1.94
4,llamacpp:qwen3-4b-instruct-2507-q4_k_m,1,0.304,2.05,26,14.9,100,2.5,2.5
4,llamacpp:qwen3-4b-instruct-2507-q4_k_m,2,0.143,1.872,26,15.0,100,2.5,2.5
4,llamacpp:qwen3-4b-instruct-2507-q4_k_m,3,0.122,2.102,29,14.6,100,2.5,2.5
4,llamacpp:qwen3-4b-instruct-2507-q4_k_m,4,0.131,1.757,24,14.8,100,2.5,2.5
4,llamacpp:qwen3-4b-instruct-2507-q4_k_m,5,0.14,3.504,52,15.5,100,2.5,2.5
4,llamacpp:qwen3-4b-instruct-2507-q4_k_m,6,0.149,3.452,50,15.1,100,2.5,2.5
4,llamacpp:qwen3-4b-instruct-2507-q4_k_m,7,0.167,2.785,40,15.3,100,2.5,2.5
4,llamacpp:qwen3-4b-instruct-2507-q4_k_m,8,0.174,8.033,123,15.7,100,2.5,2.5
5,ollama:qwen3.5:2b-q4_K_M,1,1.094,2.45,29,21.4,100,3.46,3.46
5,ollama:qwen3.5:2b-q4_K_M,2,0.826,2.131,29,22.2,100,3.46,3.46
5,ollama:qwen3.5:2b-q4_K_M,3,0.89,2.415,33,21.6,100,3.46,3.46
5,ollama:qwen3.5:2b-q4_K_M,4,0.938,3.068,48,22.5,100,3.46,3.46
5,ollama:qwen3.5:2b-q4_K_M,5,1.011,3.677,61,22.9,100,3.46,3.46
5,ollama:qwen3.5:2b-q4_K_M,6,1.067,2.506,33,22.9,100,3.46,3.46
5,ollama:qwen3.5:2b-q4_K_M,7,1.189,2.928,37,21.3,100,3.46,3.46
5,ollama:qwen3.5:2b-q4_K_M,8,1.29,7.124,133,22.8,100,3.46,3.46
5,ollama:qwen3:4b-q4_K_M,1,0.688,2.427,26,15.0,100,3.4,3.4
5,ollama:qwen3:4b-q4_K_M,2,0.453,1.87,22,15.5,100,3.4,3.4
5,ollama:qwen3:4b-q4_K_M,3,0.502,3.507,47,15.6,100,3.4,3.4
5,ollama:qwen3:4b-q4_K_M,4,0.469,2.402,30,15.5,100,3.4,3.4
5,ollama:qwen3:4b-q4_K_M,5,0.464,2.976,39,15.5,100,3.4,3.4
5,ollama:qwen3:4b-q4_K_M,6,0.464,2.982,39,15.5,100,3.4,3.4
5,ollama:qwen3:4b-q4_K_M,7,0.507,3.679,49,15.4,100,3.4,3.4
5,ollama:qwen3:4b-q4_K_M,8,0.531,7.511,107,15.3,100,3.4,3.4
5,ollama:llama3.2:3b-instruct-q4_K_M,1,0.605,2.273,31,18.6,100,2.52,2.52
5,ollama:llama3.2:3b-instruct-q4_K_M,2,0.492,1.779,25,19.4,100,2.52,2.52
5,ollama:llama3.2:3b-instruct-q4_K_M,3,0.478,2.882,47,19.6,100,2.52,2.52
5,ollama:llama3.2:3b-instruct-q4_K_M,4,0.501,1.811,25,19.1,100,2.52,2.52
5,ollama:llama3.2:3b-instruct-q4_K_M,5,0.518,3.126,50,19.2,100,2.52,2.52
5,ollama:llama3.2:3b-instruct-q4_K_M,6,0.49,2.423,37,19.1,100,2.52,2.52
5,ollama:llama3.2:3b-instruct-q4_K_M,7,0.535,2.57,39,19.2,100,2.52,2.52
5,ollama:llama3.2:3b-instruct-q4_K_M,8,0.555,5.318,91,19.1,100,2.52,2.52
5,ollama:ministral-3:3b,1,0.74,3.129,46,19.3,100,4.75,4.75
5,ollama:ministral-3:3b,2,0.511,2.318,35,19.4,100,4.75,4.75
5,ollama:ministral-3:3b,3,0.598,2.205,32,19.9,100,4.75,4.75
5,ollama:ministral-3:3b,4,0.566,2.186,31,19.1,100,4.75,4.75
5,ollama:ministral-3:3b,5,0.519,4.05,70,19.8,100,4.75,4.75
5,ollama:ministral-3:3b,6,0.578,3.706,62,19.8,100,4.75,4.75
5,ollama:ministral-3:3b,7,0.565,3.356,55,19.7,100,4.75,4.75
5,ollama:ministral-3:3b,8,0.642,7.776,140,19.6,100,4.75,4.75
5,ollama:granite3.3:2b,1,0.333,1.44,27,24.4,100,1.82,1.82
5,ollama:granite3.3:2b,2,0.197,1.153,25,26.2,100,1.82,1.82
5,ollama:granite3.3:2b,3,0.204,1.234,27,26.2,100,1.82,1.82
5,ollama:granite3.3:2b,4,0.208,1.753,40,25.9,100,1.82,1.82
5,ollama:granite3.3:2b,5,0.21,2.441,58,26.0,100,1.82,1.82
5,ollama:granite3.3:2b,6,0.21,2.861,69,26.0,100,1.82,1.82
5,ollama:granite3.3:2b,7,0.225,2.615,62,25.9,100,1.82,1.82
5,ollama:granite3.3:2b,8,0.228,7.572,191,26.0,100,1.82,1.82
5,ollama:granite4:3b,1,0.471,1.702,21,17.1,100,2.4,2.4
5,ollama:granite4:3b,2,0.342,1.779,27,18.8,100,2.4,2.4
5,ollama:granite4:3b,3,0.343,1.837,28,18.7,100,2.4,2.4
5,ollama:granite4:3b,4,0.334,1.512,22,18.7,100,2.4,2.4
5,ollama:granite4:3b,5,0.329,2.696,44,18.6,100,2.4,2.4
5,ollama:granite4:3b,6,0.33,2.699,44,18.6,100,2.4,2.4
5,ollama:granite4:3b,7,0.354,2.706,44,18.7,100,2.4,2.4
5,ollama:granite4:3b,8,0.357,4.485,77,18.7,100,2.4,2.4
5,ollama:nemotron-3-nano:4b,1,0.823,1.835,16,15.8,100,5.2,5.2
5,ollama:nemotron-3-nano:4b,2,0.601,2.099,24,16.0,100,5.2,5.2
5,ollama:nemotron-3-nano:4b,3,0.746,2.555,27,14.9,100,5.2,5.2
5,ollama:nemotron-3-nano:4b,4,0.817,2.128,20,15.3,100,5.2,5.2
5,ollama:nemotron-3-nano:4b,5,1.017,2.139,18,16.0,100,5.2,5.2
5,ollama:nemotron-3-nano:4b,6,1.151,2.217,17,16.0,100,5.2,5.2
5,ollama:nemotron-3-nano:4b,7,1.308,2.628,21,15.9,100,5.2,5.2
5,ollama:nemotron-3-nano:4b,8,1.503,3.379,30,16.0,100,5.2,5.2
5,llamacpp:Qwen3.5-2B-Q4_K_M,1,0.191,1.195,23,22.9,100,1.28,1.28
5,llamacpp:Qwen3.5-2B-Q4_K_M,2,0.201,1.141,24,25.5,100,1.28,1.28
5,llamacpp:Qwen3.5-2B-Q4_K_M,3,0.236,1.216,25,25.5,100,1.28,1.28
5,llamacpp:Qwen3.5-2B-Q4_K_M,4,0.288,1.278,25,25.3,100,1.28,1.28
5,llamacpp:Qwen3.5-2B-Q4_K_M,5,0.353,1.024,17,25.4,100,1.28,1.28
5,llamacpp:Qwen3.5-2B-Q4_K_M,6,0.389,1.527,29,25.5,100,1.28,1.28
5,llamacpp:Qwen3.5-2B-Q4_K_M,7,0.434,2.0,40,25.5,100,1.28,1.28
5,llamacpp:Qwen3.5-2B-Q4_K_M,8,0.504,2.384,48,25.5,100,1.28,1.28
5,llamacpp:granite-3.3-2b-instruct-Q4_K_M,1,0.191,0.762,13,22.8,100,1.55,1.55
5,llamacpp:granite-3.3-2b-instruct-Q4_K_M,2,0.074,1.071,26,26.1,100,1.55,1.55
5,llamacpp:granite-3.3-2b-instruct-Q4_K_M,3,0.072,1.633,41,26.3,100,1.55,1.55
5,llamacpp:granite-3.3-2b-instruct-Q4_K_M,4,0.073,1.205,29,25.6,100,1.55,1.55
5,llamacpp:granite-3.3-2b-instruct-Q4_K_M,5,0.074,1.664,41,25.8,100,1.55,1.55
5,llamacpp:granite-3.3-2b-instruct-Q4_K_M,6,0.076,1.929,48,25.9,100,1.55,1.55
5,llamacpp:granite-3.3-2b-instruct-Q4_K_M,7,0.086,1.482,36,25.8,100,1.55,1.55
5,llamacpp:granite-3.3-2b-instruct-Q4_K_M,8,0.086,3.849,96,25.5,100,1.55,1.55
5,llamacpp:ibm-granite_granite-4.0-micro-IQ4_XS,1,0.219,1.356,26,22.9,100,1.89,1.89
5,llamacpp:ibm-granite_granite-4.0-micro-IQ4_XS,2,0.078,0.927,21,24.7,100,1.89,1.89
5,llamacpp:ibm-granite_granite-4.0-micro-IQ4_XS,3,0.078,1.606,38,24.9,100,1.89,1.89
5,llamacpp:ibm-granite_granite-4.0-micro-IQ4_XS,4,0.079,0.863,19,24.2,100,1.89,1.89
5,llamacpp:ibm-granite_granite-4.0-micro-IQ4_XS,5,0.08,1.588,37,24.5,100,1.89,1.89
5,llamacpp:ibm-granite_granite-4.0-micro-IQ4_XS,6,0.081,1.711,40,24.5,100,1.89,1.89
5,llamacpp:ibm-granite_granite-4.0-micro-IQ4_XS,7,0.092,1.439,33,24.5,100,1.89,1.89
5,llamacpp:ibm-granite_granite-4.0-micro-IQ4_XS,8,0.091,2.762,65,24.3,100,1.89,1.89
5,llamacpp:granite-4.0-micro-Q4_K_M,1,0.225,1.539,23,17.5,100,2.1,2.1
5,llamacpp:granite-4.0-micro-Q4_K_M,2,0.084,1.234,22,19.1,100,2.1,2.1
5,llamacpp:granite-4.0-micro-Q4_K_M,3,0.084,1.96,36,19.2,100,2.1,2.1
5,llamacpp:granite-4.0-micro-Q4_K_M,4,0.085,1.032,18,19.0,100,2.1,2.1
5,llamacpp:granite-4.0-micro-Q4_K_M,5,0.086,1.352,24,19.0,100,2.1,2.1
5,llamacpp:granite-4.0-micro-Q4_K_M,6,0.087,1.196,21,18.9,100,2.1,2.1
5,llamacpp:granite-4.0-micro-Q4_K_M,7,0.1,1.84,33,19.0,100,2.1,2.1
5,llamacpp:granite-4.0-micro-Q4_K_M,8,0.1,3.255,60,19.0,100,2.1,2.1
5,llamacpp:granite-4.0-h-micro-Q4_K_M,1,0.311,1.008,11,15.8,100,1.94,1.94
5,llamacpp:granite-4.0-h-micro-Q4_K_M,2,0.105,0.671,10,17.7,100,1.94,1.94
5,llamacpp:granite-4.0-h-micro-Q4_K_M,3,0.103,1.331,22,17.9,100,1.94,1.94
5,llamacpp:granite-4.0-h-micro-Q4_K_M,4,0.104,0.669,10,17.7,100,1.94,1.94
5,llamacpp:granite-4.0-h-micro-Q4_K_M,5,0.104,1.786,30,17.8,100,1.94,1.94
5,llamacpp:granite-4.0-h-micro-Q4_K_M,6,0.107,1.724,29,17.9,100,1.94,1.94
5,llamacpp:granite-4.0-h-micro-Q4_K_M,7,0.119,1.569,26,17.9,100,1.94,1.94
5,llamacpp:granite-4.0-h-micro-Q4_K_M,8,0.12,2.512,43,18.0,100,1.94,1.94
5,llamacpp:qwen3-4b-instruct-2507-q4_k_m,1,0.31,2.037,26,15.1,100,2.5,2.5
5,llamacpp:qwen3-4b-instruct-2507-q4_k_m,2,0.141,1.873,26,15.0,100,2.5,2.5
5,llamacpp:qwen3-4b-instruct-2507-q4_k_m,3,0.122,2.1,29,14.7,100,2.5,2.5
5,llamacpp:qwen3-4b-instruct-2507-q4_k_m,4,0.131,1.756,24,14.8,100,2.5,2.5
5,llamacpp:qwen3-4b-instruct-2507-q4_k_m,5,0.14,3.502,52,15.5,100,2.5,2.5
5,llamacpp:qwen3-4b-instruct-2507-q4_k_m,6,0.148,3.444,50,15.2,100,2.5,2.5
5,llamacpp:qwen3-4b-instruct-2507-q4_k_m,7,0.166,2.78,40,15.3,100,2.5,2.5
5,llamacpp:qwen3-4b-instruct-2507-q4_k_m,8,0.173,8.019,123,15.7,100,2.5,2.5
6,ollama:qwen3.5:2b-q4_K_M,1,1.067,2.104,22,21.2,100,3.46,3.46
6,ollama:qwen3.5:2b-q4_K_M,2,0.888,2.176,28,21.7,100,3.46,3.46
6,ollama:qwen3.5:2b-q4_K_M,3,0.959,2.243,27,21.0,100,3.46,3.46
6,ollama:qwen3.5:2b-q4_K_M,4,0.986,2.345,26,19.1,100,3.46,3.46
6,ollama:qwen3.5:2b-q4_K_M,5,1.094,2.618,30,19.7,100,3.46,3.46
6,ollama:qwen3.5:2b-q4_K_M,6,1.137,3.275,49,22.9,100,3.46,3.46
6,ollama:qwen3.5:2b-q4_K_M,7,1.167,2.868,32,18.8,100,3.46,3.46
6,ollama:qwen3.5:2b-q4_K_M,8,1.219,6.933,128,22.4,100,3.46,3.46
6,ollama:qwen3:4b-q4_K_M,1,0.695,2.436,26,14.9,100,3.4,3.4
6,ollama:qwen3:4b-q4_K_M,2,0.493,2.094,25,15.6,100,3.4,3.4
6,ollama:qwen3:4b-q4_K_M,3,0.491,3.679,50,15.7,100,3.4,3.4
6,ollama:qwen3:4b-q4_K_M,4,0.554,2.67,33,15.6,100,3.4,3.4
6,ollama:qwen3:4b-q4_K_M,5,0.54,2.716,34,15.6,100,3.4,3.4
6,ollama:qwen3:4b-q4_K_M,6,0.5,3.571,48,15.6,100,3.4,3.4
6,ollama:qwen3:4b-q4_K_M,7,0.474,3.742,51,15.6,100,3.4,3.4
6,ollama:qwen3:4b-q4_K_M,8,0.485,7.265,105,15.5,100,3.4,3.4
6,ollama:llama3.2:3b-instruct-q4_K_M,1,0.638,1.491,15,17.6,100,2.52,2.52
6,ollama:llama3.2:3b-instruct-q4_K_M,2,0.479,1.673,23,19.3,100,2.52,2.52
6,ollama:llama3.2:3b-instruct-q4_K_M,3,0.535,1.97,28,19.5,100,2.52,2.52
6,ollama:llama3.2:3b-instruct-q4_K_M,4,0.562,2.526,38,19.3,100,2.52,2.52
6,ollama:llama3.2:3b-instruct-q4_K_M,5,0.551,2.873,45,19.4,100,2.52,2.52
6,ollama:llama3.2:3b-instruct-q4_K_M,6,0.581,2.704,41,19.3,100,2.52,2.52
6,ollama:llama3.2:3b-instruct-q4_K_M,7,0.493,2.785,44,19.2,100,2.52,2.52
6,ollama:llama3.2:3b-instruct-q4_K_M,8,0.542,5.355,92,19.1,100,2.52,2.52
6,ollama:ministral-3:3b,1,0.663,3.053,46,19.2,100,4.75,4.75
6,ollama:ministral-3:3b,2,0.527,2.281,34,19.4,100,4.75,4.75
6,ollama:ministral-3:3b,3,0.612,2.411,35,19.4,100,4.75,4.75
6,ollama:ministral-3:3b,4,0.54,2.107,30,19.1,100,4.75,4.75
6,ollama:ministral-3:3b,5,0.479,3.155,53,19.8,100,4.75,4.75
6,ollama:ministral-3:3b,6,0.533,3.206,53,19.8,100,4.75,4.75
6,ollama:ministral-3:3b,7,0.559,3.282,54,19.8,100,4.75,4.75
6,ollama:ministral-3:3b,8,0.615,8.531,156,19.7,100,4.75,4.75
6,ollama:granite3.3:2b,1,0.322,1.102,19,24.3,100,1.82,1.82
6,ollama:granite3.3:2b,2,0.209,1.207,26,26.1,100,1.82,1.82
6,ollama:granite3.3:2b,3,0.209,1.695,39,26.2,100,1.82,1.82
6,ollama:granite3.3:2b,4,0.208,1.219,26,25.7,100,1.82,1.82
6,ollama:granite3.3:2b,5,0.211,2.547,60,25.7,100,1.82,1.82
6,ollama:granite3.3:2b,6,0.211,2.514,60,26.1,100,1.82,1.82
6,ollama:granite3.3:2b,7,0.223,2.498,59,25.9,100,1.82,1.82
6,ollama:granite3.3:2b,8,0.227,13.023,332,25.9,100,1.82,1.82
6,ollama:granite4:3b,1,0.442,2.15,30,17.6,100,2.4,2.4
6,ollama:granite4:3b,2,0.306,1.641,25,18.7,100,2.4,2.4
6,ollama:granite4:3b,3,0.343,2.343,37,18.5,100,2.4,2.4
6,ollama:granite4:3b,4,0.318,1.938,30,18.5,100,2.4,2.4
6,ollama:granite4:3b,5,0.336,2.117,33,18.5,100,2.4,2.4
6,ollama:granite4:3b,6,0.335,2.702,44,18.6,100,2.4,2.4
6,ollama:granite4:3b,7,0.36,2.778,45,18.6,100,2.4,2.4
6,ollama:granite4:3b,8,0.347,4.621,79,18.5,100,2.4,2.4
6,ollama:nemotron-3-nano:4b,1,0.825,2.249,22,15.5,100,5.2,5.2
6,ollama:nemotron-3-nano:4b,2,0.6,1.845,19,15.3,100,5.2,5.2
6,ollama:nemotron-3-nano:4b,3,0.692,1.58,13,14.6,100,5.2,5.2
6,ollama:nemotron-3-nano:4b,4,0.813,1.94,17,15.1,100,5.2,5.2
6,ollama:nemotron-3-nano:4b,5,0.97,1.917,15,15.8,100,5.2,5.2
6,ollama:nemotron-3-nano:4b,6,1.051,1.869,13,15.9,100,5.2,5.2
6,ollama:nemotron-3-nano:4b,7,1.283,2.296,16,15.8,100,5.2,5.2
6,ollama:nemotron-3-nano:4b,8,1.441,2.823,22,15.9,100,5.2,5.2
6,llamacpp:Qwen3.5-2B-Q4_K_M,1,0.192,1.18,23,23.3,100,1.28,1.28
6,llamacpp:Qwen3.5-2B-Q4_K_M,2,0.201,1.141,24,25.5,100,1.28,1.28
6,llamacpp:Qwen3.5-2B-Q4_K_M,3,0.236,1.215,25,25.6,100,1.28,1.28
6,llamacpp:Qwen3.5-2B-Q4_K_M,4,0.288,1.273,25,25.4,100,1.28,1.28
6,llamacpp:Qwen3.5-2B-Q4_K_M,5,0.353,1.022,17,25.4,100,1.28,1.28
6,llamacpp:Qwen3.5-2B-Q4_K_M,6,0.388,1.525,29,25.5,100,1.28,1.28
6,llamacpp:Qwen3.5-2B-Q4_K_M,7,0.435,2.0,40,25.5,100,1.28,1.28
6,llamacpp:Qwen3.5-2B-Q4_K_M,8,0.504,2.379,48,25.6,100,1.28,1.28
6,llamacpp:granite-3.3-2b-instruct-Q4_K_M,1,0.199,0.775,13,22.6,100,1.55,1.55
6,llamacpp:granite-3.3-2b-instruct-Q4_K_M,2,0.076,1.077,26,26.0,100,1.55,1.55
6,llamacpp:granite-3.3-2b-instruct-Q4_K_M,3,0.072,1.638,41,26.2,100,1.55,1.55
6,llamacpp:granite-3.3-2b-instruct-Q4_K_M,4,0.073,1.206,29,25.6,100,1.55,1.55
6,llamacpp:granite-3.3-2b-instruct-Q4_K_M,5,0.074,1.657,41,25.9,100,1.55,1.55
6,llamacpp:granite-3.3-2b-instruct-Q4_K_M,6,0.076,1.932,48,25.9,100,1.55,1.55
6,llamacpp:granite-3.3-2b-instruct-Q4_K_M,7,0.086,1.478,36,25.9,100,1.55,1.55
6,llamacpp:granite-3.3-2b-instruct-Q4_K_M,8,0.086,3.846,96,25.5,100,1.55,1.55
6,llamacpp:ibm-granite_granite-4.0-micro-IQ4_XS,1,0.214,1.351,26,22.9,100,1.89,1.89
6,llamacpp:ibm-granite_granite-4.0-micro-IQ4_XS,2,0.078,0.927,21,24.7,100,1.89,1.89
6,llamacpp:ibm-granite_granite-4.0-micro-IQ4_XS,3,0.078,1.607,38,24.9,100,1.89,1.89
6,llamacpp:ibm-granite_granite-4.0-micro-IQ4_XS,4,0.08,0.865,19,24.2,100,1.89,1.89
6,llamacpp:ibm-granite_granite-4.0-micro-IQ4_XS,5,0.08,1.595,37,24.4,100,1.89,1.89
6,llamacpp:ibm-granite_granite-4.0-micro-IQ4_XS,6,0.081,1.717,40,24.5,100,1.89,1.89
6,llamacpp:ibm-granite_granite-4.0-micro-IQ4_XS,7,0.092,1.44,33,24.5,100,1.89,1.89
6,llamacpp:ibm-granite_granite-4.0-micro-IQ4_XS,8,0.092,2.759,65,24.4,100,1.89,1.89
6,llamacpp:granite-4.0-micro-Q4_K_M,1,0.223,1.537,23,17.5,100,2.1,2.1
6,llamacpp:granite-4.0-micro-Q4_K_M,2,0.084,1.235,22,19.1,100,2.1,2.1
6,llamacpp:granite-4.0-micro-Q4_K_M,3,0.084,1.96,36,19.2,100,2.1,2.1
6,llamacpp:granite-4.0-micro-Q4_K_M,4,0.085,1.03,18,19.0,100,2.1,2.1
6,llamacpp:granite-4.0-micro-Q4_K_M,5,0.086,1.352,24,19.0,100,2.1,2.1
6,llamacpp:granite-4.0-micro-Q4_K_M,6,0.087,1.197,21,18.9,100,2.1,2.1
6,llamacpp:granite-4.0-micro-Q4_K_M,7,0.1,1.838,33,19.0,100,2.1,2.1
6,llamacpp:granite-4.0-micro-Q4_K_M,8,0.1,3.257,60,19.0,100,2.1,2.1
6,llamacpp:granite-4.0-h-micro-Q4_K_M,1,0.32,1.025,11,15.6,100,1.94,1.94
6,llamacpp:granite-4.0-h-micro-Q4_K_M,2,0.102,0.667,10,17.7,100,1.94,1.94
6,llamacpp:granite-4.0-h-micro-Q4_K_M,3,0.103,1.331,22,17.9,100,1.94,1.94
6,llamacpp:granite-4.0-h-micro-Q4_K_M,4,0.104,0.669,10,17.7,100,1.94,1.94
6,llamacpp:granite-4.0-h-micro-Q4_K_M,5,0.104,1.788,30,17.8,100,1.94,1.94
6,llamacpp:granite-4.0-h-micro-Q4_K_M,6,0.107,1.72,29,18.0,100,1.94,1.94
6,llamacpp:granite-4.0-h-micro-Q4_K_M,7,0.119,1.565,26,18.0,100,1.94,1.94
6,llamacpp:granite-4.0-h-micro-Q4_K_M,8,0.12,2.509,43,18.0,100,1.94,1.94
6,llamacpp:qwen3-4b-instruct-2507-q4_k_m,1,0.306,2.042,26,15.0,100,2.5,2.5
6,llamacpp:qwen3-4b-instruct-2507-q4_k_m,2,0.141,1.869,26,15.0,100,2.5,2.5
6,llamacpp:qwen3-4b-instruct-2507-q4_k_m,3,0.122,2.095,29,14.7,100,2.5,2.5
6,llamacpp:qwen3-4b-instruct-2507-q4_k_m,4,0.131,1.753,24,14.8,100,2.5,2.5
6,llamacpp:qwen3-4b-instruct-2507-q4_k_m,5,0.139,3.492,52,15.5,100,2.5,2.5
6,llamacpp:qwen3-4b-instruct-2507-q4_k_m,6,0.148,3.438,50,15.2,100,2.5,2.5
6,llamacpp:qwen3-4b-instruct-2507-q4_k_m,7,0.165,2.774,40,15.3,100,2.5,2.5
6,llamacpp:qwen3-4b-instruct-2507-q4_k_m,8,0.173,8.005,123,15.7,100,2.5,2.5
7,ollama:qwen3.5:2b-q4_K_M,1,1.024,2.013,21,21.2,100,3.46,3.46
7,ollama:qwen3.5:2b-q4_K_M,2,0.838,1.982,22,19.2,100,3.46,3.46
7,ollama:qwen3.5:2b-q4_K_M,3,0.813,2.251,33,23.0,100,3.46,3.46
7,ollama:qwen3.5:2b-q4_K_M,4,1.046,3.147,44,20.9,100,3.46,3.46
7,ollama:qwen3.5:2b-q4_K_M,5,0.899,2.907,46,22.9,100,3.46,3.46
7,ollama:qwen3.5:2b-q4_K_M,6,1.101,3.29,50,22.8,100,3.46,3.46
7,ollama:qwen3.5:2b-q4_K_M,7,1.155,2.598,33,22.9,100,3.46,3.46
7,ollama:qwen3.5:2b-q4_K_M,8,1.159,5.51,100,23.0,100,3.46,3.46
7,ollama:qwen3:4b-q4_K_M,1,0.654,2.497,28,15.2,100,3.4,3.4
7,ollama:qwen3:4b-q4_K_M,2,0.452,2.06,25,15.5,100,3.4,3.4
7,ollama:qwen3:4b-q4_K_M,3,0.508,3.065,40,15.6,100,3.4,3.4
7,ollama:qwen3:4b-q4_K_M,4,0.501,1.985,23,15.5,100,3.4,3.4
7,ollama:qwen3:4b-q4_K_M,5,0.499,2.243,27,15.5,100,3.4,3.4
7,ollama:qwen3:4b-q4_K_M,6,0.46,3.358,45,15.5,100,3.4,3.4
7,ollama:qwen3:4b-q4_K_M,7,0.453,2.449,31,15.5,100,3.4,3.4
7,ollama:qwen3:4b-q4_K_M,8,0.485,6.695,96,15.5,100,3.4,3.4
7,ollama:llama3.2:3b-instruct-q4_K_M,1,0.614,2.183,29,18.5,100,2.52,2.52
7,ollama:llama3.2:3b-instruct-q4_K_M,2,0.536,1.866,26,19.5,100,2.52,2.52
7,ollama:llama3.2:3b-instruct-q4_K_M,3,0.511,1.379,17,19.6,100,2.52,2.52
7,ollama:llama3.2:3b-instruct-q4_K_M,4,0.554,1.749,23,19.2,100,2.52,2.52
7,ollama:llama3.2:3b-instruct-q4_K_M,5,0.52,1.724,23,19.1,100,2.52,2.52
7,ollama:llama3.2:3b-instruct-q4_K_M,6,0.516,1.939,27,19.0,100,2.52,2.52
7,ollama:llama3.2:3b-instruct-q4_K_M,7,0.524,2.505,38,19.2,100,2.52,2.52
7,ollama:llama3.2:3b-instruct-q4_K_M,8,0.534,5.201,90,19.3,100,2.52,2.52
7,ollama:ministral-3:3b,1,0.618,2.905,44,19.2,100,4.75,4.75
7,ollama:ministral-3:3b,2,0.628,3.179,50,19.6,100,4.75,4.75
7,ollama:ministral-3:3b,3,0.562,3.301,53,19.3,100,4.75,4.75
7,ollama:ministral-3:3b,4,0.523,2.288,34,19.3,100,4.75,4.75
7,ollama:ministral-3:3b,5,0.606,2.576,39,19.8,100,4.75,4.75
7,ollama:ministral-3:3b,6,0.642,3.412,55,19.9,100,4.75,4.75
7,ollama:ministral-3:3b,7,0.623,3.407,55,19.8,100,4.75,4.75
7,ollama:ministral-3:3b,8,0.539,7.033,128,19.7,100,4.75,4.75
7,ollama:granite3.3:2b,1,0.322,1.168,20,23.6,100,1.82,1.82
7,ollama:granite3.3:2b,2,0.212,1.13,24,26.1,100,1.82,1.82
7,ollama:granite3.3:2b,3,0.207,1.577,36,26.3,100,1.82,1.82
7,ollama:granite3.3:2b,4,0.208,1.291,28,25.9,100,1.82,1.82
7,ollama:granite3.3:2b,5,0.21,2.286,54,26.0,100,1.82,1.82
7,ollama:granite3.3:2b,6,0.214,2.502,60,26.2,100,1.82,1.82
7,ollama:granite3.3:2b,7,0.224,2.056,48,26.2,100,1.82,1.82
7,ollama:granite3.3:2b,8,0.259,4.903,121,26.1,100,1.82,1.82
7,ollama:granite4:3b,1,0.479,2.643,39,18.0,100,2.4,2.4
7,ollama:granite4:3b,2,0.349,2.058,32,18.7,100,2.4,2.4
7,ollama:granite4:3b,3,0.343,3.174,53,18.7,100,2.4,2.4
7,ollama:granite4:3b,4,0.339,3.349,56,18.6,100,2.4,2.4
7,ollama:granite4:3b,5,0.348,4.161,71,18.6,100,2.4,2.4
7,ollama:granite4:3b,6,0.348,3.967,68,18.8,100,2.4,2.4
7,ollama:granite4:3b,7,0.395,4.555,78,18.8,100,2.4,2.4
7,ollama:granite4:3b,8,0.354,8.478,152,18.7,100,2.4,2.4
7,ollama:nemotron-3-nano:4b,1,0.845,2.532,26,15.4,100,5.2,5.2
7,ollama:nemotron-3-nano:4b,2,0.655,2.464,28,15.5,100,5.2,5.2
7,ollama:nemotron-3-nano:4b,3,0.722,2.093,21,15.3,100,5.2,5.2
7,ollama:nemotron-3-nano:4b,4,0.971,2.915,30,15.4,100,5.2,5.2
7,ollama:nemotron-3-nano:4b,5,1.095,3.026,31,16.1,100,5.2,5.2
7,ollama:nemotron-3-nano:4b,6,1.259,2.757,24,16.0,100,5.2,5.2
7,ollama:nemotron-3-nano:4b,7,1.483,2.553,17,15.9,100,5.2,5.2
7,ollama:nemotron-3-nano:4b,8,1.597,3.489,30,15.8,100,5.2,5.2
7,llamacpp:Qwen3.5-2B-Q4_K_M,1,0.188,1.225,23,22.2,100,1.28,1.28
7,llamacpp:Qwen3.5-2B-Q4_K_M,2,0.201,1.142,24,25.5,100,1.28,1.28
7,llamacpp:Qwen3.5-2B-Q4_K_M,3,0.237,1.216,25,25.5,100,1.28,1.28
7,llamacpp:Qwen3.5-2B-Q4_K_M,4,0.287,1.276,25,25.3,100,1.28,1.28
7,llamacpp:Qwen3.5-2B-Q4_K_M,5,0.354,1.022,17,25.4,100,1.28,1.28
7,llamacpp:Qwen3.5-2B-Q4_K_M,6,0.389,1.524,29,25.6,100,1.28,1.28
7,llamacpp:Qwen3.5-2B-Q4_K_M,7,0.435,2.003,40,25.5,100,1.28,1.28
7,llamacpp:Qwen3.5-2B-Q4_K_M,8,0.505,2.386,48,25.5,100,1.28,1.28
7,llamacpp:granite-3.3-2b-instruct-Q4_K_M,1,0.207,0.805,13,21.8,100,1.55,1.55
7,llamacpp:granite-3.3-2b-instruct-Q4_K_M,2,0.076,1.085,26,25.8,100,1.55,1.55
7,llamacpp:granite-3.3-2b-instruct-Q4_K_M,3,0.072,1.633,41,26.3,100,1.55,1.55
7,llamacpp:granite-3.3-2b-instruct-Q4_K_M,4,0.073,1.204,29,25.6,100,1.55,1.55
7,llamacpp:granite-3.3-2b-instruct-Q4_K_M,5,0.074,1.657,41,25.9,100,1.55,1.55
7,llamacpp:granite-3.3-2b-instruct-Q4_K_M,6,0.076,1.93,48,25.9,100,1.55,1.55
7,llamacpp:granite-3.3-2b-instruct-Q4_K_M,7,0.086,1.477,36,25.9,100,1.55,1.55
7,llamacpp:granite-3.3-2b-instruct-Q4_K_M,8,0.086,3.835,96,25.6,100,1.55,1.55
7,llamacpp:ibm-granite_granite-4.0-micro-IQ4_XS,1,0.218,1.342,26,23.1,100,1.89,1.89
7,llamacpp:ibm-granite_granite-4.0-micro-IQ4_XS,2,0.078,0.929,21,24.7,100,1.89,1.89
7,llamacpp:ibm-granite_granite-4.0-micro-IQ4_XS,3,0.079,1.606,38,24.9,100,1.89,1.89
7,llamacpp:ibm-granite_granite-4.0-micro-IQ4_XS,4,0.079,0.862,19,24.3,100,1.89,1.89
7,llamacpp:ibm-granite_granite-4.0-micro-IQ4_XS,5,0.08,1.591,37,24.5,100,1.89,1.89
7,llamacpp:ibm-granite_granite-4.0-micro-IQ4_XS,6,0.081,1.715,40,24.5,100,1.89,1.89
7,llamacpp:ibm-granite_granite-4.0-micro-IQ4_XS,7,0.092,1.441,33,24.5,100,1.89,1.89
7,llamacpp:ibm-granite_granite-4.0-micro-IQ4_XS,8,0.092,2.766,65,24.3,100,1.89,1.89
7,llamacpp:granite-4.0-micro-Q4_K_M,1,0.226,1.533,23,17.6,100,2.1,2.1
7,llamacpp:granite-4.0-micro-Q4_K_M,2,0.083,1.227,22,19.2,100,2.1,2.1
7,llamacpp:granite-4.0-micro-Q4_K_M,3,0.084,1.951,36,19.3,100,2.1,2.1
7,llamacpp:granite-4.0-micro-Q4_K_M,4,0.085,1.027,18,19.1,100,2.1,2.1
7,llamacpp:granite-4.0-micro-Q4_K_M,5,0.086,1.347,24,19.0,100,2.1,2.1
7,llamacpp:granite-4.0-micro-Q4_K_M,6,0.087,1.19,21,19.0,100,2.1,2.1
7,llamacpp:granite-4.0-micro-Q4_K_M,7,0.099,1.832,33,19.0,100,2.1,2.1
7,llamacpp:granite-4.0-micro-Q4_K_M,8,0.1,3.26,60,19.0,100,2.1,2.1
7,llamacpp:granite-4.0-h-micro-Q4_K_M,1,0.331,1.052,11,15.3,100,1.94,1.94
7,llamacpp:granite-4.0-h-micro-Q4_K_M,2,0.102,0.67,10,17.6,100,1.94,1.94
7,llamacpp:granite-4.0-h-micro-Q4_K_M,3,0.103,1.336,22,17.8,100,1.94,1.94
7,llamacpp:granite-4.0-h-micro-Q4_K_M,4,0.105,0.673,10,17.6,100,1.94,1.94
7,llamacpp:granite-4.0-h-micro-Q4_K_M,5,0.104,1.797,30,17.7,100,1.94,1.94
7,llamacpp:granite-4.0-h-micro-Q4_K_M,6,0.107,1.73,29,17.9,100,1.94,1.94
7,llamacpp:granite-4.0-h-micro-Q4_K_M,7,0.119,1.572,26,17.9,100,1.94,1.94
7,llamacpp:granite-4.0-h-micro-Q4_K_M,8,0.12,2.523,43,17.9,100,1.94,1.94
7,llamacpp:qwen3-4b-instruct-2507-q4_k_m,1,0.298,2.063,26,14.7,100,2.5,2.5
7,llamacpp:qwen3-4b-instruct-2507-q4_k_m,2,0.141,1.875,26,15.0,100,2.5,2.5
7,llamacpp:qwen3-4b-instruct-2507-q4_k_m,3,0.123,2.105,29,14.6,100,2.5,2.5
7,llamacpp:qwen3-4b-instruct-2507-q4_k_m,4,0.131,1.756,24,14.8,100,2.5,2.5
7,llamacpp:qwen3-4b-instruct-2507-q4_k_m,5,0.14,3.509,52,15.4,100,2.5,2.5
7,llamacpp:qwen3-4b-instruct-2507-q4_k_m,6,0.147,3.445,50,15.2,100,2.5,2.5
7,llamacpp:qwen3-4b-instruct-2507-q4_k_m,7,0.166,2.786,40,15.3,100,2.5,2.5
7,llamacpp:qwen3-4b-instruct-2507-q4_k_m,8,0.172,8.039,123,15.6,100,2.5,2.5
8,ollama:qwen3.5:2b-q4_K_M,1,0.978,1.928,19,20.0,100,3.46,3.46
8,ollama:qwen3.5:2b-q4_K_M,2,0.85,1.375,12,22.9,100,3.46,3.46
8,ollama:qwen3.5:2b-q4_K_M,3,0.913,1.83,21,22.9,100,3.46,3.46
8,ollama:qwen3.5:2b-q4_K_M,4,0.889,1.931,24,23.0,100,3.46,3.46
8,ollama:qwen3.5:2b-q4_K_M,5,0.968,2.535,36,23.0,100,3.46,3.46
8,ollama:qwen3.5:2b-q4_K_M,6,1.023,2.952,44,22.8,100,3.46,3.46
8,ollama:qwen3.5:2b-q4_K_M,7,1.123,2.605,34,22.9,100,3.46,3.46
8,ollama:qwen3.5:2b-q4_K_M,8,1.372,5.752,100,22.8,100,3.46,3.46
8,ollama:qwen3:4b-q4_K_M,1,0.671,2.392,26,15.1,100,3.4,3.4
8,ollama:qwen3:4b-q4_K_M,2,0.41,2.019,25,15.5,100,3.4,3.4
8,ollama:qwen3:4b-q4_K_M,3,0.485,3.369,45,15.6,100,3.4,3.4
8,ollama:qwen3:4b-q4_K_M,4,0.51,2.636,33,15.5,100,3.4,3.4
8,ollama:qwen3:4b-q4_K_M,5,0.524,2.787,35,15.5,100,3.4,3.4
8,ollama:qwen3:4b-q4_K_M,6,0.497,3.598,48,15.5,100,3.4,3.4
8,ollama:qwen3:4b-q4_K_M,7,0.546,3.575,47,15.5,100,3.4,3.4
8,ollama:qwen3:4b-q4_K_M,8,0.497,6.571,94,15.5,100,3.4,3.4
8,ollama:llama3.2:3b-instruct-q4_K_M,1,0.606,1.559,17,17.8,100,2.52,2.52
8,ollama:llama3.2:3b-instruct-q4_K_M,2,0.489,1.734,24,19.3,100,2.52,2.52
8,ollama:llama3.2:3b-instruct-q4_K_M,3,0.55,1.389,16,19.1,100,2.52,2.52
8,ollama:llama3.2:3b-instruct-q4_K_M,4,0.489,2.257,34,19.2,100,2.52,2.52
8,ollama:llama3.2:3b-instruct-q4_K_M,5,0.534,3.442,56,19.3,100,2.52,2.52
8,ollama:llama3.2:3b-instruct-q4_K_M,6,0.554,3.153,50,19.2,100,2.52,2.52
8,ollama:llama3.2:3b-instruct-q4_K_M,7,0.434,3.946,68,19.4,100,2.52,2.52
8,ollama:llama3.2:3b-instruct-q4_K_M,8,0.537,8.669,156,19.2,100,2.52,2.52
8,ollama:ministral-3:3b,1,0.587,2.174,30,18.9,100,4.75,4.75
8,ollama:ministral-3:3b,2,0.517,3.33,55,19.6,100,4.75,4.75
8,ollama:ministral-3:3b,3,0.55,2.807,44,19.5,100,4.75,4.75
8,ollama:ministral-3:3b,4,0.584,2.709,41,19.3,100,4.75,4.75
8,ollama:ministral-3:3b,5,0.607,3.331,54,19.8,100,4.75,4.75
8,ollama:ministral-3:3b,6,0.538,3.948,67,19.6,100,4.75,4.75
8,ollama:ministral-3:3b,7,0.623,4.014,67,19.8,100,4.75,4.75
8,ollama:ministral-3:3b,8,0.623,6.213,110,19.7,100,4.75,4.75
8,ollama:granite3.3:2b,1,0.326,1.01,16,23.4,100,1.82,1.82
8,ollama:granite3.3:2b,2,0.21,1.194,25,25.4,100,1.82,1.82
8,ollama:granite3.3:2b,3,0.207,1.314,29,26.2,100,1.82,1.82
8,ollama:granite3.3:2b,4,0.19,1.193,26,25.9,100,1.82,1.82
8,ollama:granite3.3:2b,5,0.205,2.049,48,26.0,100,1.82,1.82
8,ollama:granite3.3:2b,6,0.214,2.348,56,26.2,100,1.82,1.82
8,ollama:granite3.3:2b,7,0.224,2.818,68,26.2,100,1.82,1.82
8,ollama:granite3.3:2b,8,0.224,6.249,156,25.9,100,1.82,1.82
8,ollama:granite4:3b,1,0.469,1.778,23,17.6,100,2.4,2.4
8,ollama:granite4:3b,2,0.341,1.728,26,18.7,100,2.4,2.4
8,ollama:granite4:3b,3,0.334,2.042,32,18.7,100,2.4,2.4
8,ollama:granite4:3b,4,0.343,1.854,28,18.5,100,2.4,2.4
8,ollama:granite4:3b,5,0.345,1.753,26,18.5,100,2.4,2.4
8,ollama:granite4:3b,6,0.349,2.295,36,18.5,100,2.4,2.4
8,ollama:granite4:3b,7,0.324,2.634,43,18.6,100,2.4,2.4
8,ollama:granite4:3b,8,0.354,5.817,101,18.5,100,2.4,2.4
8,ollama:nemotron-3-nano:4b,1,0.775,2.084,20,15.3,100,5.2,5.2
8,ollama:nemotron-3-nano:4b,2,0.629,2.257,25,15.4,100,5.2,5.2
8,ollama:nemotron-3-nano:4b,3,0.746,2.73,31,15.6,100,5.2,5.2
8,ollama:nemotron-3-nano:4b,4,0.9,1.977,17,15.8,100,5.2,5.2
8,ollama:nemotron-3-nano:4b,5,1.033,2.597,25,16.0,100,5.2,5.2
8,ollama:nemotron-3-nano:4b,6,1.195,2.509,21,16.0,100,5.2,5.2
8,ollama:nemotron-3-nano:4b,7,1.344,2.786,23,16.0,100,5.2,5.2
8,ollama:nemotron-3-nano:4b,8,1.55,4.043,40,16.0,100,5.2,5.2
8,llamacpp:Qwen3.5-2B-Q4_K_M,1,0.203,1.267,23,21.6,100,1.28,1.28
8,llamacpp:Qwen3.5-2B-Q4_K_M,2,0.201,1.138,24,25.6,100,1.28,1.28
8,llamacpp:Qwen3.5-2B-Q4_K_M,3,0.236,1.215,25,25.5,100,1.28,1.28
8,llamacpp:Qwen3.5-2B-Q4_K_M,4,0.287,1.276,25,25.3,100,1.28,1.28
8,llamacpp:Qwen3.5-2B-Q4_K_M,5,0.353,1.02,17,25.5,100,1.28,1.28
8,llamacpp:Qwen3.5-2B-Q4_K_M,6,0.388,1.522,29,25.6,100,1.28,1.28
8,llamacpp:Qwen3.5-2B-Q4_K_M,7,0.434,1.998,40,25.6,100,1.28,1.28
8,llamacpp:Qwen3.5-2B-Q4_K_M,8,0.505,2.378,48,25.6,100,1.28,1.28
8,llamacpp:granite-3.3-2b-instruct-Q4_K_M,1,0.208,0.787,13,22.5,100,1.55,1.55
8,llamacpp:granite-3.3-2b-instruct-Q4_K_M,2,0.077,1.084,26,25.8,100,1.55,1.55
8,llamacpp:granite-3.3-2b-instruct-Q4_K_M,3,0.072,1.632,41,26.3,100,1.55,1.55
8,llamacpp:granite-3.3-2b-instruct-Q4_K_M,4,0.073,1.207,29,25.6,100,1.55,1.55
8,llamacpp:granite-3.3-2b-instruct-Q4_K_M,5,0.074,1.662,41,25.8,100,1.55,1.55
8,llamacpp:granite-3.3-2b-instruct-Q4_K_M,6,0.077,1.935,48,25.8,100,1.55,1.55
8,llamacpp:granite-3.3-2b-instruct-Q4_K_M,7,0.087,1.481,36,25.8,100,1.55,1.55
8,llamacpp:granite-3.3-2b-instruct-Q4_K_M,8,0.087,3.845,96,25.5,100,1.55,1.55
8,llamacpp:ibm-granite_granite-4.0-micro-IQ4_XS,1,0.221,1.365,26,22.7,100,1.89,1.89
8,llamacpp:ibm-granite_granite-4.0-micro-IQ4_XS,2,0.078,0.927,21,24.8,100,1.89,1.89
8,llamacpp:ibm-granite_granite-4.0-micro-IQ4_XS,3,0.078,1.61,38,24.8,100,1.89,1.89
8,llamacpp:ibm-granite_granite-4.0-micro-IQ4_XS,4,0.079,0.865,19,24.2,100,1.89,1.89
8,llamacpp:ibm-granite_granite-4.0-micro-IQ4_XS,5,0.08,1.597,37,24.4,100,1.89,1.89
8,llamacpp:ibm-granite_granite-4.0-micro-IQ4_XS,6,0.081,1.718,40,24.4,100,1.89,1.89
8,llamacpp:ibm-granite_granite-4.0-micro-IQ4_XS,7,0.092,1.443,33,24.4,100,1.89,1.89
8,llamacpp:ibm-granite_granite-4.0-micro-IQ4_XS,8,0.092,2.765,65,24.3,100,1.89,1.89
8,llamacpp:granite-4.0-micro-Q4_K_M,1,0.228,1.555,23,17.3,100,2.1,2.1
8,llamacpp:granite-4.0-micro-Q4_K_M,2,0.084,1.23,22,19.2,100,2.1,2.1
8,llamacpp:granite-4.0-micro-Q4_K_M,3,0.084,1.949,36,19.3,100,2.1,2.1
8,llamacpp:granite-4.0-micro-Q4_K_M,4,0.085,1.028,18,19.1,100,2.1,2.1
8,llamacpp:granite-4.0-micro-Q4_K_M,5,0.086,1.346,24,19.0,100,2.1,2.1
8,llamacpp:granite-4.0-micro-Q4_K_M,6,0.086,1.188,21,19.1,100,2.1,2.1
8,llamacpp:granite-4.0-micro-Q4_K_M,7,0.099,1.829,33,19.1,100,2.1,2.1
8,llamacpp:granite-4.0-micro-Q4_K_M,8,0.1,3.243,60,19.1,100,2.1,2.1
8,llamacpp:granite-4.0-h-micro-Q4_K_M,1,0.314,1.031,11,15.3,100,1.94,1.94
8,llamacpp:granite-4.0-h-micro-Q4_K_M,2,0.104,0.67,10,17.7,100,1.94,1.94
8,llamacpp:granite-4.0-h-micro-Q4_K_M,3,0.103,1.331,22,17.9,100,1.94,1.94
8,llamacpp:granite-4.0-h-micro-Q4_K_M,4,0.105,0.67,10,17.7,100,1.94,1.94
8,llamacpp:granite-4.0-h-micro-Q4_K_M,5,0.104,1.787,30,17.8,100,1.94,1.94
8,llamacpp:granite-4.0-h-micro-Q4_K_M,6,0.106,1.722,29,17.9,100,1.94,1.94
8,llamacpp:granite-4.0-h-micro-Q4_K_M,7,0.119,1.57,26,17.9,100,1.94,1.94
8,llamacpp:granite-4.0-h-micro-Q4_K_M,8,0.12,2.51,43,18.0,100,1.94,1.94
8,llamacpp:qwen3-4b-instruct-2507-q4_k_m,1,0.305,2.036,26,15.0,100,2.5,2.5
8,llamacpp:qwen3-4b-instruct-2507-q4_k_m,2,0.141,1.876,26,15.0,100,2.5,2.5
8,llamacpp:qwen3-4b-instruct-2507-q4_k_m,3,0.122,2.104,29,14.6,100,2.5,2.5
8,llamacpp:qwen3-4b-instruct-2507-q4_k_m,4,0.131,1.758,24,14.8,100,2.5,2.5
8,llamacpp:qwen3-4b-instruct-2507-q4_k_m,5,0.14,3.505,52,15.5,100,2.5,2.5
8,llamacpp:qwen3-4b-instruct-2507-q4_k_m,6,0.148,3.452,50,15.1,100,2.5,2.5
8,llamacpp:qwen3-4b-instruct-2507-q4_k_m,7,0.166,2.787,40,15.3,100,2.5,2.5
8,llamacpp:qwen3-4b-instruct-2507-q4_k_m,8,0.173,8.041,123,15.6,100,2.5,2.5
9,ollama:qwen3.5:2b-q4_K_M,1,1.128,2.09,20,20.8,100,3.46,3.46
9,ollama:qwen3.5:2b-q4_K_M,2,0.799,3.069,51,22.5,100,3.46,3.46
9,ollama:qwen3.5:2b-q4_K_M,3,0.924,2.982,45,21.9,100,3.46,3.46
9,ollama:qwen3.5:2b-q4_K_M,4,1.043,2.75,38,22.3,100,3.46,3.46
9,ollama:qwen3.5:2b-q4_K_M,5,1.026,2.332,30,23.0,100,3.46,3.46
9,ollama:qwen3.5:2b-q4_K_M,6,1.226,1.881,15,22.9,100,3.46,3.46
9,ollama:qwen3.5:2b-q4_K_M,7,1.142,3.046,43,22.6,100,3.46,3.46
9,ollama:qwen3.5:2b-q4_K_M,8,1.326,70.04,1547,22.5,100,3.46,3.46
9,ollama:qwen3:4b-q4_K_M,1,0.621,2.472,28,15.1,100,3.4,3.4
9,ollama:qwen3:4b-q4_K_M,2,0.484,2.084,25,15.6,100,3.4,3.4
9,ollama:qwen3:4b-q4_K_M,3,0.437,3.872,54,15.7,100,3.4,3.4
9,ollama:qwen3:4b-q4_K_M,4,0.479,2.598,33,15.6,100,3.4,3.4
9,ollama:qwen3:4b-q4_K_M,5,0.474,2.663,34,15.5,100,3.4,3.4
9,ollama:qwen3:4b-q4_K_M,6,0.517,2.385,29,15.5,100,3.4,3.4
9,ollama:qwen3:4b-q4_K_M,7,0.442,3.978,55,15.6,100,3.4,3.4
9,ollama:qwen3:4b-q4_K_M,8,0.519,7.48,108,15.5,100,3.4,3.4
9,ollama:llama3.2:3b-instruct-q4_K_M,1,0.577,1.94,25,18.3,100,2.52,2.52
9,ollama:llama3.2:3b-instruct-q4_K_M,2,0.528,1.83,25,19.2,100,2.52,2.52
9,ollama:llama3.2:3b-instruct-q4_K_M,3,0.521,1.498,19,19.4,100,2.52,2.52
9,ollama:llama3.2:3b-instruct-q4_K_M,4,0.489,2.213,33,19.1,100,2.52,2.52
9,ollama:llama3.2:3b-instruct-q4_K_M,5,0.534,2.021,29,19.5,100,2.52,2.52
9,ollama:llama3.2:3b-instruct-q4_K_M,6,0.551,1.82,24,18.9,100,2.52,2.52
9,ollama:llama3.2:3b-instruct-q4_K_M,7,0.519,1.989,28,19.0,100,2.52,2.52
9,ollama:llama3.2:3b-instruct-q4_K_M,8,0.525,7.598,136,19.2,100,2.52,2.52
9,ollama:ministral-3:3b,1,0.733,2.672,37,19.1,100,4.75,4.75
9,ollama:ministral-3:3b,2,0.497,2.207,33,19.3,100,4.75,4.75
9,ollama:ministral-3:3b,3,0.497,2.903,47,19.5,100,4.75,4.75
9,ollama:ministral-3:3b,4,0.559,2.431,36,19.2,100,4.75,4.75
9,ollama:ministral-3:3b,5,0.573,2.848,45,19.8,100,4.75,4.75
9,ollama:ministral-3:3b,6,0.565,3.635,61,19.9,100,4.75,4.75
9,ollama:ministral-3:3b,7,0.646,3.375,54,19.8,100,4.75,4.75
9,ollama:ministral-3:3b,8,0.633,9.682,177,19.6,100,4.75,4.75
9,ollama:granite3.3:2b,1,0.301,1.386,26,24.0,100,1.82,1.82
9,ollama:granite3.3:2b,2,0.197,1.569,36,26.2,100,1.82,1.82
9,ollama:granite3.3:2b,3,0.232,2.172,50,25.8,100,1.82,1.82
9,ollama:granite3.3:2b,4,0.306,1.971,44,26.4,100,1.82,1.82
9,ollama:granite3.3:2b,5,0.214,2.29,54,26.0,100,1.82,1.82
9,ollama:granite3.3:2b,6,0.213,2.516,60,26.0,100,1.82,1.82
9,ollama:granite3.3:2b,7,0.209,2.055,48,26.0,100,1.82,1.82
9,ollama:granite3.3:2b,8,0.222,7.724,195,26.0,100,1.82,1.82
9,ollama:granite4:3b,1,0.458,1.768,23,17.6,100,2.4,2.4
9,ollama:granite4:3b,2,0.332,1.452,21,18.7,100,2.4,2.4
9,ollama:granite4:3b,3,0.328,1.659,25,18.8,100,2.4,2.4
9,ollama:granite4:3b,4,0.34,1.407,20,18.8,100,2.4,2.4
9,ollama:granite4:3b,5,0.334,3.351,56,18.6,100,2.4,2.4
9,ollama:granite4:3b,6,0.331,2.752,45,18.6,100,2.4,2.4
9,ollama:granite4:3b,7,0.35,2.45,39,18.6,100,2.4,2.4
9,ollama:granite4:3b,8,0.361,4.632,79,18.5,100,2.4,2.4
9,ollama:nemotron-3-nano:4b,1,0.895,2.562,26,15.6,100,5.2,5.2
9,ollama:nemotron-3-nano:4b,2,0.569,1.872,20,15.3,100,5.2,5.2
9,ollama:nemotron-3-nano:4b,3,0.867,1.678,13,16.0,100,5.2,5.2
9,ollama:nemotron-3-nano:4b,4,0.835,2.082,19,15.2,100,5.2,5.2
9,ollama:nemotron-3-nano:4b,5,1.101,2.853,28,16.0,100,5.2,5.2
9,ollama:nemotron-3-nano:4b,6,1.141,2.632,24,16.1,100,5.2,5.2
9,ollama:nemotron-3-nano:4b,7,1.355,2.488,18,15.9,100,5.2,5.2
9,ollama:nemotron-3-nano:4b,8,1.589,3.709,34,16.0,100,5.2,5.2
9,llamacpp:Qwen3.5-2B-Q4_K_M,1,0.193,1.21,23,22.6,100,1.28,1.28
9,llamacpp:Qwen3.5-2B-Q4_K_M,2,0.201,1.14,24,25.6,100,1.28,1.28
9,llamacpp:Qwen3.5-2B-Q4_K_M,3,0.236,1.215,25,25.6,100,1.28,1.28
9,llamacpp:Qwen3.5-2B-Q4_K_M,4,0.288,1.276,25,25.3,100,1.28,1.28
9,llamacpp:Qwen3.5-2B-Q4_K_M,5,0.353,1.022,17,25.4,100,1.28,1.28
9,llamacpp:Qwen3.5-2B-Q4_K_M,6,0.388,1.524,29,25.5,100,1.28,1.28
9,llamacpp:Qwen3.5-2B-Q4_K_M,7,0.435,1.998,40,25.6,100,1.28,1.28
9,llamacpp:Qwen3.5-2B-Q4_K_M,8,0.505,2.379,48,25.6,100,1.28,1.28
9,llamacpp:granite-3.3-2b-instruct-Q4_K_M,1,0.205,0.778,13,22.7,100,1.55,1.55
9,llamacpp:granite-3.3-2b-instruct-Q4_K_M,2,0.073,1.065,26,26.2,100,1.55,1.55
9,llamacpp:granite-3.3-2b-instruct-Q4_K_M,3,0.071,1.633,41,26.2,100,1.55,1.55
9,llamacpp:granite-3.3-2b-instruct-Q4_K_M,4,0.073,1.203,29,25.7,100,1.55,1.55
9,llamacpp:granite-3.3-2b-instruct-Q4_K_M,5,0.074,1.66,41,25.9,100,1.55,1.55
9,llamacpp:granite-3.3-2b-instruct-Q4_K_M,6,0.076,1.931,48,25.9,100,1.55,1.55
9,llamacpp:granite-3.3-2b-instruct-Q4_K_M,7,0.086,1.479,36,25.8,100,1.55,1.55
9,llamacpp:granite-3.3-2b-instruct-Q4_K_M,8,0.086,3.829,96,25.6,100,1.55,1.55
9,llamacpp:ibm-granite_granite-4.0-micro-IQ4_XS,1,0.22,1.37,26,22.6,100,1.89,1.89
9,llamacpp:ibm-granite_granite-4.0-micro-IQ4_XS,2,0.078,0.927,21,24.7,100,1.89,1.89
9,llamacpp:ibm-granite_granite-4.0-micro-IQ4_XS,3,0.078,1.609,38,24.8,100,1.89,1.89
9,llamacpp:ibm-granite_granite-4.0-micro-IQ4_XS,4,0.079,0.866,19,24.2,100,1.89,1.89
9,llamacpp:ibm-granite_granite-4.0-micro-IQ4_XS,5,0.08,1.596,37,24.4,100,1.89,1.89
9,llamacpp:ibm-granite_granite-4.0-micro-IQ4_XS,6,0.081,1.718,40,24.4,100,1.89,1.89
9,llamacpp:ibm-granite_granite-4.0-micro-IQ4_XS,7,0.092,1.446,33,24.4,100,1.89,1.89
9,llamacpp:ibm-granite_granite-4.0-micro-IQ4_XS,8,0.092,2.767,65,24.3,100,1.89,1.89
9,llamacpp:granite-4.0-micro-Q4_K_M,1,0.217,1.519,23,17.7,100,2.1,2.1
9,llamacpp:granite-4.0-micro-Q4_K_M,2,0.084,1.233,22,19.2,100,2.1,2.1
9,llamacpp:granite-4.0-micro-Q4_K_M,3,0.084,1.957,36,19.2,100,2.1,2.1
9,llamacpp:granite-4.0-micro-Q4_K_M,4,0.085,1.033,18,19.0,100,2.1,2.1
9,llamacpp:granite-4.0-micro-Q4_K_M,5,0.086,1.352,24,19.0,100,2.1,2.1
9,llamacpp:granite-4.0-micro-Q4_K_M,6,0.087,1.197,21,18.9,100,2.1,2.1
9,llamacpp:granite-4.0-micro-Q4_K_M,7,0.1,1.838,33,19.0,100,2.1,2.1
9,llamacpp:granite-4.0-micro-Q4_K_M,8,0.1,3.257,60,19.0,100,2.1,2.1
9,llamacpp:granite-4.0-h-micro-Q4_K_M,1,0.327,1.034,11,15.6,100,1.94,1.94
9,llamacpp:granite-4.0-h-micro-Q4_K_M,2,0.104,0.671,10,17.6,100,1.94,1.94
9,llamacpp:granite-4.0-h-micro-Q4_K_M,3,0.104,1.33,22,17.9,100,1.94,1.94
9,llamacpp:granite-4.0-h-micro-Q4_K_M,4,0.104,0.67,10,17.7,100,1.94,1.94
9,llamacpp:granite-4.0-h-micro-Q4_K_M,5,0.104,1.785,30,17.8,100,1.94,1.94
9,llamacpp:granite-4.0-h-micro-Q4_K_M,6,0.106,1.721,29,18.0,100,1.94,1.94
9,llamacpp:granite-4.0-h-micro-Q4_K_M,7,0.119,1.569,26,17.9,100,1.94,1.94
9,llamacpp:granite-4.0-h-micro-Q4_K_M,8,0.12,2.512,43,18.0,100,1.94,1.94
9,llamacpp:qwen3-4b-instruct-2507-q4_k_m,1,0.283,2.014,26,15.0,100,2.5,2.5
9,llamacpp:qwen3-4b-instruct-2507-q4_k_m,2,0.143,1.868,26,15.1,100,2.5,2.5
9,llamacpp:qwen3-4b-instruct-2507-q4_k_m,3,0.122,2.096,29,14.7,100,2.5,2.5
9,llamacpp:qwen3-4b-instruct-2507-q4_k_m,4,0.131,1.752,24,14.8,100,2.5,2.5
9,llamacpp:qwen3-4b-instruct-2507-q4_k_m,5,0.14,3.491,52,15.5,100,2.5,2.5
9,llamacpp:qwen3-4b-instruct-2507-q4_k_m,6,0.148,3.436,50,15.2,100,2.5,2.5
9,llamacpp:qwen3-4b-instruct-2507-q4_k_m,7,0.166,2.773,40,15.3,100,2.5,2.5
9,llamacpp:qwen3-4b-instruct-2507-q4_k_m,8,0.173,8.008,123,15.7,100,2.5,2.5
10,ollama:qwen3.5:2b-q4_K_M,1,1.075,2.209,24,21.2,100,3.46,3.46
10,ollama:qwen3.5:2b-q4_K_M,2,0.835,2.018,27,22.8,100,3.46,3.46
10,ollama:qwen3.5:2b-q4_K_M,3,0.969,2.889,41,21.4,100,3.46,3.46
10,ollama:qwen3.5:2b-q4_K_M,4,0.884,2.712,41,22.4,100,3.46,3.46
10,ollama:qwen3.5:2b-q4_K_M,5,1.049,2.409,31,22.8,100,3.46,3.46
10,ollama:qwen3.5:2b-q4_K_M,6,1.105,3.072,45,22.9,100,3.46,3.46
10,ollama:qwen3.5:2b-q4_K_M,7,1.075,2.344,29,22.8,100,3.46,3.46
10,ollama:qwen3.5:2b-q4_K_M,8,1.186,5.476,98,22.8,100,3.46,3.46
10,ollama:qwen3:4b-q4_K_M,1,0.634,2.391,26,14.8,100,3.4,3.4
10,ollama:qwen3:4b-q4_K_M,2,0.472,2.075,25,15.6,100,3.4,3.4
10,ollama:qwen3:4b-q4_K_M,3,0.459,2.888,38,15.6,100,3.4,3.4
10,ollama:qwen3:4b-q4_K_M,4,0.512,2.637,33,15.5,100,3.4,3.4
10,ollama:qwen3:4b-q4_K_M,5,0.478,2.658,34,15.6,100,3.4,3.4
10,ollama:qwen3:4b-q4_K_M,6,0.474,3.733,51,15.6,100,3.4,3.4
10,ollama:qwen3:4b-q4_K_M,7,0.535,4.312,59,15.6,100,3.4,3.4
10,ollama:qwen3:4b-q4_K_M,8,0.548,6.965,99,15.4,100,3.4,3.4
10,ollama:llama3.2:3b-instruct-q4_K_M,1,0.653,2.056,26,18.5,100,2.52,2.52
10,ollama:llama3.2:3b-instruct-q4_K_M,2,0.54,1.782,24,19.3,100,2.52,2.52
10,ollama:llama3.2:3b-instruct-q4_K_M,3,0.519,1.3,15,19.2,100,2.52,2.52
10,ollama:llama3.2:3b-instruct-q4_K_M,4,0.454,1.551,21,19.1,100,2.52,2.52
10,ollama:llama3.2:3b-instruct-q4_K_M,5,0.498,2.165,32,19.2,100,2.52,2.52
10,ollama:llama3.2:3b-instruct-q4_K_M,6,0.519,2.441,37,19.2,100,2.52,2.52
10,ollama:llama3.2:3b-instruct-q4_K_M,7,0.501,2.175,32,19.1,100,2.52,2.52
10,ollama:llama3.2:3b-instruct-q4_K_M,8,0.577,8.895,160,19.2,100,2.52,2.52
10,ollama:ministral-3:3b,1,0.696,3.093,46,19.2,100,4.75,4.75
10,ollama:ministral-3:3b,2,0.603,2.256,32,19.4,100,4.75,4.75
10,ollama:ministral-3:3b,3,0.503,2.76,44,19.5,100,4.75,4.75
10,ollama:ministral-3:3b,4,0.642,2.559,37,19.3,100,4.75,4.75
10,ollama:ministral-3:3b,5,0.619,2.889,45,19.8,100,4.75,4.75
10,ollama:ministral-3:3b,6,0.576,3.095,50,19.9,100,4.75,4.75
10,ollama:ministral-3:3b,7,0.623,2.941,46,19.8,100,4.75,4.75
10,ollama:ministral-3:3b,8,0.667,9.857,181,19.7,100,4.75,4.75
10,ollama:granite3.3:2b,1,0.363,1.173,19,23.5,100,1.82,1.82
10,ollama:granite3.3:2b,2,0.24,1.509,34,26.8,100,1.82,1.82
10,ollama:granite3.3:2b,3,0.206,1.54,35,26.2,100,1.82,1.82
10,ollama:granite3.3:2b,4,0.209,1.709,39,26.0,100,1.82,1.82
10,ollama:granite3.3:2b,5,0.212,1.981,46,26.0,100,1.82,1.82
10,ollama:granite3.3:2b,6,0.212,2.476,59,26.1,100,1.82,1.82
10,ollama:granite3.3:2b,7,0.218,2.902,70,26.1,100,1.82,1.82
10,ollama:granite3.3:2b,8,0.231,8.991,228,26.0,100,1.82,1.82
10,ollama:granite4:3b,1,0.469,1.681,21,17.3,100,2.4,2.4
10,ollama:granite4:3b,2,0.33,1.451,21,18.7,100,2.4,2.4
10,ollama:granite4:3b,3,0.337,2.255,36,18.8,100,2.4,2.4
10,ollama:granite4:3b,4,0.339,1.632,24,18.6,100,2.4,2.4
10,ollama:granite4:3b,5,0.313,1.931,30,18.5,100,2.4,2.4
10,ollama:granite4:3b,6,0.324,2.75,45,18.6,100,2.4,2.4
10,ollama:granite4:3b,7,0.361,3.366,56,18.6,100,2.4,2.4
10,ollama:granite4:3b,8,0.354,4.736,81,18.5,100,2.4,2.4
10,ollama:nemotron-3-nano:4b,1,0.824,1.573,11,14.7,100,5.2,5.2
10,ollama:nemotron-3-nano:4b,2,0.637,1.09,7,15.5,100,5.2,5.2
10,ollama:nemotron-3-nano:4b,3,0.745,2.317,23,14.6,100,5.2,5.2
10,ollama:nemotron-3-nano:4b,4,0.798,1.795,15,15.0,100,5.2,5.2
10,ollama:nemotron-3-nano:4b,5,0.908,1.786,14,15.9,100,5.2,5.2
10,ollama:nemotron-3-nano:4b,6,1.11,1.814,11,15.6,100,5.2,5.2
10,ollama:nemotron-3-nano:4b,7,1.19,1.513,5,15.5,100,5.2,5.2
10,ollama:nemotron-3-nano:4b,8,1.507,2.754,20,16.0,100,5.2,5.2
10,llamacpp:Qwen3.5-2B-Q4_K_M,1,0.191,1.27,23,21.3,100,1.28,1.28
10,llamacpp:Qwen3.5-2B-Q4_K_M,2,0.201,1.137,24,25.6,100,1.28,1.28
10,llamacpp:Qwen3.5-2B-Q4_K_M,3,0.236,1.211,25,25.6,100,1.28,1.28
10,llamacpp:Qwen3.5-2B-Q4_K_M,4,0.288,1.276,25,25.3,100,1.28,1.28
10,llamacpp:Qwen3.5-2B-Q4_K_M,5,0.353,1.019,17,25.5,100,1.28,1.28
10,llamacpp:Qwen3.5-2B-Q4_K_M,6,0.389,1.526,29,25.5,100,1.28,1.28
10,llamacpp:Qwen3.5-2B-Q4_K_M,7,0.435,1.996,40,25.6,100,1.28,1.28
10,llamacpp:Qwen3.5-2B-Q4_K_M,8,0.505,2.382,48,25.6,100,1.28,1.28
10,llamacpp:granite-3.3-2b-instruct-Q4_K_M,1,0.194,0.782,13,22.1,100,1.55,1.55
10,llamacpp:granite-3.3-2b-instruct-Q4_K_M,2,0.076,1.07,26,26.2,100,1.55,1.55
10,llamacpp:granite-3.3-2b-instruct-Q4_K_M,3,0.071,1.631,41,26.3,100,1.55,1.55
10,llamacpp:granite-3.3-2b-instruct-Q4_K_M,4,0.073,1.201,29,25.7,100,1.55,1.55
10,llamacpp:granite-3.3-2b-instruct-Q4_K_M,5,0.074,1.656,41,25.9,100,1.55,1.55
10,llamacpp:granite-3.3-2b-instruct-Q4_K_M,6,0.076,1.928,48,25.9,100,1.55,1.55
10,llamacpp:granite-3.3-2b-instruct-Q4_K_M,7,0.086,1.476,36,25.9,100,1.55,1.55
10,llamacpp:granite-3.3-2b-instruct-Q4_K_M,8,0.086,3.828,96,25.7,100,1.55,1.55
10,llamacpp:ibm-granite_granite-4.0-micro-IQ4_XS,1,0.224,1.344,26,23.2,100,1.89,1.89
10,llamacpp:ibm-granite_granite-4.0-micro-IQ4_XS,2,0.078,0.925,21,24.8,100,1.89,1.89
10,llamacpp:ibm-granite_granite-4.0-micro-IQ4_XS,3,0.078,1.605,38,24.9,100,1.89,1.89
10,llamacpp:ibm-granite_granite-4.0-micro-IQ4_XS,4,0.079,0.862,19,24.3,100,1.89,1.89
10,llamacpp:ibm-granite_granite-4.0-micro-IQ4_XS,5,0.08,1.588,37,24.5,100,1.89,1.89
10,llamacpp:ibm-granite_granite-4.0-micro-IQ4_XS,6,0.081,1.713,40,24.5,100,1.89,1.89
10,llamacpp:ibm-granite_granite-4.0-micro-IQ4_XS,7,0.092,1.439,33,24.5,100,1.89,1.89
10,llamacpp:ibm-granite_granite-4.0-micro-IQ4_XS,8,0.092,2.756,65,24.4,100,1.89,1.89
10,llamacpp:granite-4.0-micro-Q4_K_M,1,0.232,1.539,23,17.6,100,2.1,2.1
10,llamacpp:granite-4.0-micro-Q4_K_M,2,0.083,1.227,22,19.2,100,2.1,2.1
10,llamacpp:granite-4.0-micro-Q4_K_M,3,0.084,1.948,36,19.3,100,2.1,2.1
10,llamacpp:granite-4.0-micro-Q4_K_M,4,0.085,1.029,18,19.1,100,2.1,2.1
10,llamacpp:granite-4.0-micro-Q4_K_M,5,0.086,1.347,24,19.0,100,2.1,2.1
10,llamacpp:granite-4.0-micro-Q4_K_M,6,0.087,1.192,21,19.0,100,2.1,2.1
10,llamacpp:granite-4.0-micro-Q4_K_M,7,0.1,1.831,33,19.1,100,2.1,2.1
10,llamacpp:granite-4.0-micro-Q4_K_M,8,0.1,3.242,60,19.1,100,2.1,2.1
10,llamacpp:granite-4.0-h-micro-Q4_K_M,1,0.323,1.034,11,15.5,100,1.94,1.94
10,llamacpp:granite-4.0-h-micro-Q4_K_M,2,0.102,0.668,10,17.7,100,1.94,1.94
10,llamacpp:granite-4.0-h-micro-Q4_K_M,3,0.104,1.337,22,17.8,100,1.94,1.94
10,llamacpp:granite-4.0-h-micro-Q4_K_M,4,0.104,0.672,10,17.6,100,1.94,1.94
10,llamacpp:granite-4.0-h-micro-Q4_K_M,5,0.104,1.794,30,17.8,100,1.94,1.94
10,llamacpp:granite-4.0-h-micro-Q4_K_M,6,0.107,1.726,29,17.9,100,1.94,1.94
10,llamacpp:granite-4.0-h-micro-Q4_K_M,7,0.119,1.572,26,17.9,100,1.94,1.94
10,llamacpp:granite-4.0-h-micro-Q4_K_M,8,0.12,2.52,43,17.9,100,1.94,1.94
10,llamacpp:qwen3-4b-instruct-2507-q4_k_m,1,0.3,2.04,26,14.9,100,2.5,2.5
10,llamacpp:qwen3-4b-instruct-2507-q4_k_m,2,0.141,1.875,26,15.0,100,2.5,2.5
10,llamacpp:qwen3-4b-instruct-2507-q4_k_m,3,0.122,2.102,29,14.6,100,2.5,2.5
10,llamacpp:qwen3-4b-instruct-2507-q4_k_m,4,0.132,1.756,24,14.8,100,2.5,2.5
10,llamacpp:qwen3-4b-instruct-2507-q4_k_m,5,0.139,3.503,52,15.5,100,2.5,2.5
10,llamacpp:qwen3-4b-instruct-2507-q4_k_m,6,0.147,3.449,50,15.1,100,2.5,2.5
10,llamacpp:qwen3-4b-instruct-2507-q4_k_m,7,0.166,2.787,40,15.3,100,2.5,2.5
10,llamacpp:qwen3-4b-instruct-2507-q4_k_m,8,0.173,8.043,123,15.6,100,2.5,2.5
